planet_name,star_name,star_dist_pc,star_eff_temp,star_mass,star_radius,spectral_type,star_density,star_age
4 UMa b,4 UMa,77.4,4415,1.23,18.11,K1 III,,4.604
6 Lyn b,6 Lyn,56.95,4978,1.7,5.2,K0 III-IV,,
7 CMa b,7 CMa,19.84,4792,1.52,2.3,K1 III,,
11 Com b,11 Com,110.62,4742,2.7,19,K0 III,,
11 UMi b,11 UMi,119.47,4340,1.8,24.08,K4 III,,1.56
14 And b,14 And,76.39,4813,2.2,11,G8 III,,
14 Her b,14 Her,18.15,5311,0.9,,K0 V,,
16 Cyg B b,16 Cyg B,21.41,5674,0.99,,G2.5 V,,
18 Del b,18 Del,73.1,4979,2.3,8.5,G6 III,,
24 Sex b,24 Sex,74.79,5098,1.54,4.9,K0 IV,,2.7
24 Sex c,24 Sex,74.79,5098,1.54,4.9,K0 IV,,2.7
30 Ari B b,30 Ari B,39.43,6300,1.16,1.13,F6 V,,0.91
42 Dra b,42 Dra,97.28,4200,0.98,22.03,K1.5 III,,9.49
47 UMa b,47 UMa,14.08,5892,1.03,1.23,G0 V,,7.3
47 UMa c,47 UMa,14.08,5892,1.03,1.23,G0 V,,7.3
47 UMa d,47 UMa,14.08,5892,1.03,1.23,G0 V,,7.3
51 Peg b,51 Peg,15.36,5793,1.12,1.2,G2.5 IV,,4
55 Cnc b,55 Cnc,12.53,5196,0.91,0.94,G8 V,,10.2
55 Cnc c,55 Cnc,12.53,5196,0.91,0.94,G8 V,,10.2
55 Cnc d,55 Cnc,12.53,5196,0.91,0.94,G8 V,,10.2
55 Cnc e,55 Cnc,12.53,5196,0.91,0.94,G8 V,,10.2
55 Cnc f,55 Cnc,12.53,5196,0.91,0.94,G8 V,,10.2
61 Vir b,61 Vir,8.52,5577,0.94,0.96,G7 V,,8.96
61 Vir c,61 Vir,8.52,5577,0.94,0.96,G7 V,,8.96
61 Vir d,61 Vir,8.52,5577,0.94,0.96,G7 V,,8.96
70 Vir b,70 Vir,18.11,5439,1.09,1.94,G4 V,,7.77
75 Cet b,75 Cet,81.5,4846,2.49,10.5,G3 III,,
81 Cet b,81 Cet,97.18,4785,2.4,11,G5 III,,
91 Aqr b,91 Aqr,45.52,4665,1.4,11,K0 III,,3.56
AB Pic b,AB Pic,45.52,,,,K2 V,,0.03
CT Cha b,CT Cha,165,,,,,,0.002
DH Tau b,DH Tau,140,,0.33,0.27,M0.5,,0.001
DP Leo b,DP Leo,,,0.69,,,,
FU Tau b,FU Tau,,,,,,,
GQ Lup b,GQ Lup,139,,0.7,,K7e V,,0.001
GU Psc b,GU Psc,48,,0.33,,M3,,0.1
HN Peg b,HN Peg,18.39,,,,G0 IV-V,,
NN Ser c,NN Ser,500,57000,0.54,,WD,,
NN Ser d,NN Ser,500,57000,0.54,,WD,,
NY Vir b,NY Vir,,,,,,,
RR Cae b,RR Cae,,,0.44,,M,,
UZ For b,UZ For,,,0.7,,,,
UZ For c,UZ For,,,0.7,,,,
alf Ari b,alf Ari,20.21,4553,1.5,13.9,K1 IIIb,,
alf Cen B b,alf Cen B,1.35,5214,0.93,0.86,K1 V,,
bet Cnc b,bet Cnc,89.05,4092.1,1.7,47.2,K4 III,,1.85
bet Pic b,bet Pic,19.28,,,,A5 V,,
bet UMi b,bet UMi,38.78,4126,1.4,38.3,K4 III,,2.95
eps Eri b,eps Eri,3.22,,0.83,,K2 V,,
eps CrB b,eps CrB,70.42,4406,1.7,21,K2 III,,1.74
eps Tau b,eps Tau,47.53,4901,2.7,13.7,K0 III,,
gam 1 Leo b,gam 1 Leo,38.52,4330,1.23,31.88,K1 IIIb Fe-0.5,,
gam Cep b,gam Cep,13.79,4888,1.59,4.66,K1 IV,,
kap CrB b,kap CrB,31.12,4877,1.51,5,K0 III-IV,,
kap And b,kap And,52.03,10900,2.6,,B9 IV,,0.03
mu Leo b,mu Leo,40.78,4538.2,1.5,11.4,K2 III,,3.35
nu Oph b,nu Oph,46.84,4928,3.04,15.1,K1 III,,
nu Oph c,nu Oph,46.84,4928,3.04,15.1,K1 III,,
ome Ser b,ome Ser,80.64,4770,2.17,12.3,G8 III,,
omi CrB b,omi CrB,84.03,4749,2.13,10.5,K0,,
omi UMa b,omi UMa,56.31,5242,3.09,14.1,G5 III,,
rho CrB b,rho CrB,17.43,,,,G0 V,,
tau Boo b,tau Boo,15.6,6400,1.34,1.46,F7 V,,
tau Gem b,tau Gem,92.51,4388,2.3,26.8,K2 III,,1.22
ups And b,ups And,13.47,,,,G0,,
ups And c,ups And,13.47,,,,G0,,
ups And d,ups And,13.47,,,,G0,,
ups And e,ups And,13.47,,,,G0,,
xi Aql b,xi Aql,62.66,,,,G9 III,,
Fomalhaut b,Fomalhaut,7.69,,2,,A3 V,,0.2
Kapteyn b,Kapteyn,3.92,3550,0.28,0.29,M0 V,,
Kapteyn c,Kapteyn,3.92,3550,0.28,0.29,M0 V,,
1RXS J160929.1-210524 b,1RXS J160929.1-210524,145,4060,0.85,,K7 V,,0.005
2MASS J01225093-2439505 b,2MASS J01225093-2439505,36,3530,0.4,,M3.5 V,,0.12
2MASS J04414489+2301513 b,2MASS J04414489+2301513,140,,0.02,,M8.5,,0.001
2MASS J12073346-3932539 b,2MASS J12073346-3932539,52.4,,0.02,,M8,,0.008
2MASS J21402931+1625183 A b,2MASS J21402931+1625183 A,25,2300,0.08,0.12,M8.5,,
BD-17 63 b,BD-17 63,37.54,4714,0.74,0.69,K5 V,,4.3
BD-13 2130 b,BD-13 2130,,,,,G5 IV/V,,
BD-11 4672 b,BD-11 4672,27.3,4475,0.57,0.52,K7 V,,4.4
BD-10 3166 b,BD-10 3166,80,5393,1.01,,K0 V,,
BD-08 2823 b,BD-08 2823,42.09,4746,0.74,,K3 V,,4.5
BD-08 2823 c,BD-08 2823,42.09,4746,0.74,,K3 V,,4.5
BD-06 1339 b,BD-06 1339,20.1,4324,0.7,,K7/M0 V,,4.4
BD-06 1339 c,BD-06 1339,20.1,4324,0.7,,K7/M0 V,,4.4
BD+14 4559 b,BD+14 4559,50.03,5008,0.86,0.95,K2 V,,
BD+15 2940 b,BD+15 2940,175.44,4796,1.1,14.7,K0,,7.1
BD+20 274 b,BD+20 274,,4296,0.8,17.3,K5 III,,
BD+20 1790 b,BD+20 1790,25.4,4410,0.63,0.71,K5 V,,0.058
BD+20 2457 b,BD+20 2457,,4137,2.8,49,K2 II,,
BD+20 2457 c,BD+20 2457,,4137,2.8,49,K2 II,,
BD+48 738 b,BD+48 738,,4414,0.74,11,K0 III,,
BD+49 828 b,BD+49 828,,4943,1.52,7.6,K0,,2.34
CFBDSIR J145829+101343 b,CFBDSIR J145829+101343,23.1,580.5,0.02,,,,27.5
CHXR 73 b,CHXR 73,,,0.35,,M3.5,,0.002
CoRoT-1 b,CoRoT-1,,5950,0.95,1.11,G0 V,,
CoRoT-2 b,CoRoT-2,200,5625,0.96,0.91,,1.814,2.7
CoRoT-3 b,CoRoT-3,680,6740,1.37,1.56,F3 V,,2.2
CoRoT-4 b,CoRoT-4,,6190,1.16,1.17,,,1
CoRoT-5 b,CoRoT-5,,6100,1,1.19,F9 V,,6.9
CoRoT-6 b,CoRoT-6,,6090,1.05,1.02,F9 V,,
CoRoT-7 b,CoRoT-7,153.7,5259,0.91,0.82,G9 V,2.354,1.32
CoRoT-7 c,CoRoT-7,153.7,5259,0.91,0.82,G9 V,2.354,1.32
CoRoT-8 b,CoRoT-8,380,5080,0.88,0.77,K1 V,2.7,3
CoRoT-9 b,CoRoT-9,460,5625,0.99,0.94,G3 V,1.68,
CoRoT-10 b,CoRoT-10,345,5075,0.89,0.79,K1 V,3.32,3
CoRoT-11 b,CoRoT-11,560,6440,1.27,1.37,F6 V,0.69,2
CoRoT-12 b,CoRoT-12,1150,5675,1.08,1.12,,1.08,6.3
CoRoT-13 b,CoRoT-13,1060,5945,1.09,1.01,G0 V,1.468,1.635
CoRoT-14 b,CoRoT-14,1340,6035,1.13,1.21,F9 V,0.91,4.2
CoRoT-16 b,CoRoT-16,840,5650,1.1,1.19,G5 V,0.93,6.73
CoRoT-17 b,CoRoT-17,920,5740,1.04,1.59,G2 V,0.32,10.7
CoRoT-18 b,CoRoT-18,870,5440,0.95,1,G9 V,1.35,
CoRoT-19 b,CoRoT-19,770,6090,1.21,1.65,F9 V,0.38,5
CoRoT-20 b,CoRoT-20,1230,5880,1.14,1.02,G2 V,1.51,0.1
CoRoT-22 b,CoRoT-22,592,5939,1.1,1.14,G3 V,1.027,3.3
CoRoT-23 b,CoRoT-23,600,5900,1.14,1.61,G0 V,0.5,7.2
CoRoT-24 b,CoRoT-24,600,4950,0.91,0.86,K1 V,,11
CoRoT-24 c,CoRoT-24,600,4950,0.91,0.86,K1 V,,11
CoRoT-25 b,CoRoT-25,1000,6040,1.09,1.19,F9,,4.5
CoRoT-26 b,CoRoT-26,1670,5590,1.09,1.79,G5,,8.6
CoRoT-27 b,CoRoT-27,,5900,1.05,1.08,G2,1.24,4.21
CoRoT-28 b,CoRoT-28,560,5150,1.01,1.78,G8/9 IV,0.27,12
CoRoT-29 b,CoRoT-29,765,5260,0.97,0.9,K0 V,1.825,4.5
DENIS-P J082303.1-491201 b,DENIS-P J082303.1-491201,20.77,,0.07,,L1.5,,1
GJ 86 b,GJ 86,10.91,5151,0.77,,K1 V,,
GJ 15 A b,GJ 15 A,3.57,3567,0.38,0.39,M2 V,,
GJ 163 b,GJ 163,14.97,3500,0.4,,M3.5 V,,6
GJ 163 c,GJ 163,14.97,3500,0.4,,M3.5 V,,6
GJ 163 d,GJ 163,14.97,3500,0.4,,M3.5 V,,6
GJ 179 b,GJ 179,12.12,3370,0.36,0.38,M3.5 V,,
GJ 317 b,GJ 317,15.1,3510,0.42,,M2.5 V,,5
GJ 328 b,GJ 328,20.03,3900,0.69,,M1,,
GJ 433 b,GJ 433,9.04,3600,0.48,,M1.5,,
GJ 436 b,GJ 436,10.23,,0.47,0.46,M2.5 V,7,
GJ 504 b,GJ 504,17.95,6234,1.22,,G0 V,,0.16
GJ 581 b,GJ 581,6.27,,0.31,0.29,M3 V,,2
GJ 581 c,GJ 581,6.27,,0.31,0.29,M3 V,,2
GJ 581 e,GJ 581,6.27,,0.31,0.29,M3 V,,2
GJ 649 b,GJ 649,10.32,3700,0.54,,M0.5,,
GJ 667 C b,GJ 667 C,6.8,3350,0.33,,M1.5 V,,2
GJ 667 C c,GJ 667 C,6.8,3350,0.33,,M1.5 V,,2
GJ 667 C e,GJ 667 C,6.8,3350,0.33,,M1.5 V,,2
GJ 667 C f,GJ 667 C,6.8,3350,0.33,,M1.5 V,,2
GJ 667 C g,GJ 667 C,6.8,3350,0.33,,M1.5 V,,2
GJ 674 b,GJ 674,4.54,3600,0.35,,M2.5,,0.55
GJ 676 A b,GJ 676 A,16.13,,0.71,,M0 V,,
GJ 676 A d,GJ 676 A,16.13,,0.71,,M0 V,,
GJ 676 A e,GJ 676 A,16.13,,0.71,,M0 V,,
GJ 687 b,GJ 687,4.53,3413,0.41,0.42,M3 V,,
GJ 832 b,GJ 832,4.94,3472,0.45,,M1.5,,
GJ 832 c,GJ 832,4.94,3472,0.45,,M1.5,,
GJ 849 b,GJ 849,8.77,,0.49,,M3 V,,3
GJ 876 b,GJ 876,4.7,,0.33,,M4,,2.55
GJ 876 c,GJ 876,4.7,,0.33,,M4,,2.55
GJ 876 d,GJ 876,4.7,,0.33,,M4,,2.55
GJ 876 e,GJ 876,4.7,,0.33,,M4,,2.55
GJ 1214 b,GJ 1214,,3170,0.16,0.18,M4.5,38.4,
GJ 3021 b,GJ 3021,17.62,5540,0.9,0.9,G6 V,,
GJ 3293 b,GJ 3293,,3466,0.42,0.4,M2.5,,
GJ 3293 c,GJ 3293,,3466,0.42,0.4,M2.5,,
GJ 3341 b,GJ 3341,,3526,0.47,0.44,M2.5,,
GJ 3470 b,GJ 3470,25.2,3652,0.51,0.48,M1.5,6.51,2.5
GJ 3634 b,GJ 3634,19.8,,0.45,0.43,M2.5,,5
GSC 06214-00210 b,GSC 06214-00210,145,4200,0.9,,K7,,0.005
HAT-P-1 b,HAT-P-1,139,5975,1.12,1.15,G0 V,,3.6
HAT-P-2 b,HAT-P-2,135.32,6290,1.36,1.64,F8,,2.6
HAT-P-3 b,HAT-P-3,138,5185,0.92,0.8,K,2.53,1.6
HAT-P-4 b,HAT-P-4,314,5860,1.26,1.6,G1 V,,
HAT-P-5 b,HAT-P-5,342,5960,1.16,1.14,,,
HAT-P-6 b,HAT-P-6,261,6570,1.29,1.46,,,
HAT-P-8 b,HAT-P-8,230,6200,1.28,1.58,,,
HAT-P-9 b,HAT-P-9,480,6350,1.28,1.32,,,
HAT-P-12 b,HAT-P-12,142.5,4650,0.73,0.7,K4,,2.5
HAT-P-13 b,HAT-P-13,214,5653,1.22,1.56,G4,,5
HAT-P-13 c,HAT-P-13,214,5653,1.22,1.56,G4,,5
HAT-P-14 b,HAT-P-14,205,6600,1.39,1.47,F,,1.3
HAT-P-15 b,HAT-P-15,190,5568,1.01,1.08,G5,,6.8
HAT-P-16 b,HAT-P-16,235,6140,1.22,1.16,F8,1.104,0.5
HAT-P-17 b,HAT-P-17,90,5246,0.86,0.84,K,,7.8
HAT-P-17 c,HAT-P-17,90,5246,0.86,0.84,K,,7.8
HAT-P-18 b,HAT-P-18,166,4803,0.77,0.75,K2,,12.4
HAT-P-19 b,HAT-P-19,215,4990,0.84,0.82,K1,,8.8
HAT-P-20 b,HAT-P-20,70,4595,0.76,0.69,K3,,6.7
HAT-P-21 b,HAT-P-21,254,5588,0.95,1.1,G3,,10.2
HAT-P-22 b,HAT-P-22,82,5302,0.92,1.04,G5,,12.4
HAT-P-23 b,HAT-P-23,393,5885,1.1,1.09,G0,1.204,2.1
HAT-P-24 b,HAT-P-24,396,6373,1.19,1.32,F8,,2.8
HAT-P-25 b,HAT-P-25,297,5500,1.01,0.96,G5,,3.2
HAT-P-26 b,HAT-P-26,134,5079,0.82,0.79,K1,,9
HAT-P-27 b,HAT-P-27,204,5300,0.94,0.9,G8,,4.4
HAT-P-28 b,HAT-P-28,395,5680,1.02,1.1,G3,,6.1
HAT-P-29 b,HAT-P-29,322,6087,1.21,1.22,F8,,2.2
HAT-P-30 b,HAT-P-30,193,6304,1.24,1.22,,,1
HAT-P-31 b,HAT-P-31,354,6065,1.22,1.36,,,
HAT-P-32 b,HAT-P-32,283,6269,,1.22,,,
HAT-P-33 b,HAT-P-33,387,6446,1.38,1.64,,,
HAT-P-34 b,HAT-P-34,257,6442,1.39,1.53,,,
HAT-P-35 b,HAT-P-35,535,6096,1.24,1.44,,,
HAT-P-36 b,HAT-P-36,317,5560,1.02,1.1,,,
HAT-P-37 b,HAT-P-37,411,5500,0.93,0.88,,,
HAT-P-38 b,HAT-P-38,249,5330,0.89,0.92,,,
HAT-P-39 b,HAT-P-39,642,6430,1.4,1.62,,,
HAT-P-40 b,HAT-P-40,501,6080,1.51,2.21,,,
HAT-P-41 b,HAT-P-41,344,6390,1.42,1.68,,,
HAT-P-42 b,HAT-P-42,447,5743,1.18,1.53,,,5.2
HAT-P-43 b,HAT-P-43,542,5645,1.05,1.1,,,5.7
HAT-P-44 b,HAT-P-44,363,5295,0.94,0.95,,,7.5
HAT-P-44 c,HAT-P-44,363,5295,0.94,0.95,,,7.5
HAT-P-45 b,HAT-P-45,305,6330,1.26,1.32,,,2
HAT-P-46 b,HAT-P-46,296,6120,1.28,1.4,,,2.5
HAT-P-49 b,HAT-P-49,322,6820,1.54,1.83,F,,1.5
HAT-P-54 b,HAT-P-54,135.8,4390,0.65,0.62,,,3.9
HATS-1 b,HATS-1,303,5870,0.99,1.04,,,
HATS-2 b,HATS-2,360,5227,0.88,0.9,K,,9.7
HATS-3 b,HATS-3,453,6351,1.21,1.4,F,,3.2
HATS-4 b,HATS-4,420,5403,1,0.93,G,,2.1
HATS-5 b,HATS-5,257,5304,0.94,0.87,G,,3.6
HD 142 b,HD 142,25.64,6245,1.23,1.47,G1 IV,,
HD 142 c,HD 142,25.64,6245,1.23,1.47,G1 IV,,
HD 564 b,HD 564,53.6,5902,0.96,1.01,G2/G3 V,,5.5
HD 1461 b,HD 1461,23.44,5765,1.02,1.11,G3 V,,
HD 1502 b,HD 1502,167.5,,,,K0,,
HD 1605 b,HD 1605,84.6,4757,1.31,3.8,K1 IV,,4.59
HD 1605 c,HD 1605,84.6,4757,1.31,3.8,K1 IV,,4.59
HD 1666 b,HD 1666,110.62,6317,1.5,1.93,F7 V,,1.76
HD 1690 b,HD 1690,7.01,,,,K1 (III),,
HD 2039 b,HD 2039,89.85,5941,1.17,,G2/G3 IV/V,,
HD 2638 b,HD 2638,53.71,5192,0.93,,G5,,3
HD 2952 b,HD 2952,115.21,4844,2.54,12.02,K0 III,,
HD 3651 b,HD 3651,11.11,,,,K0 V,,
HD 4113 b,HD 4113,44.05,5688,0.99,,G5,,6.4
HD 4208 b,HD 4208,32.7,,,,G5 V,,
HD 4308 b,HD 4308,21.85,5685,0.83,,G5 V,,4.3
HD 4203 b,HD 4203,77.82,5702,1.13,,G5,,
HD 4203 c,HD 4203,77.82,5702,1.13,,G5,,
HD 4313 b,HD 4313,131.41,,,,G5,,
HD 4732 b,HD 4732,56.5,4959,1.74,5.4,K0 IV,,
HD 4732 c,HD 4732,56.5,4959,1.74,5.4,K0 IV,,
HD 5319 b,HD 5319,114,4958,1.51,3.85,K3 IV,,3.1
HD 5319 c,HD 5319,114,4958,1.51,3.85,K3 IV,,3.1
HD 5608 b,HD 5608,58.17,4854,1.55,5.5,K0,,
HD 5891 b,HD 5891,150.6,,,,G5,,
HD 6434 b,HD 6434,40.32,5835,0.79,,G2/3 V,,3.8
HD 6718 b,HD 6718,54.9,5746,0.96,1.02,G5 V,,
HD 7199 b,HD 7199,35.88,,,,K0 IV/V,,
HD 7449 b,HD 7449,38.52,,,,G0 V,,
HD 7449 c,HD 7449,38.52,,,,G0 V,,
HD 7924 b,HD 7924,16.82,5177,0.83,0.78,K0 V,,
HD 8535 b,HD 8535,52.5,6136,1.13,1.19,G0 V,,
HD 8574 b,HD 8574,44.15,,,,F8,,
HD 8673 b,HD 8673,38.26,,,,F5,,
HD 9446 b,HD 9446,52.85,,,,G5,,
HD 9446 c,HD 9446,52.85,,,,G5,,
HD 10180 c,HD 10180,39.39,,,,G0/2 V,,
HD 10180 d,HD 10180,39.39,,,,G0/2 V,,
HD 10180 e,HD 10180,39.39,,,,G0/2 V,,
HD 10180 f,HD 10180,39.39,,,,G0/2 V,,
HD 10180 g,HD 10180,39.39,,,,G0/2 V,,
HD 10180 h,HD 10180,39.39,,,,G0/2 V,,
HD 10442 b,HD 10442,,5034,1.56,,K2 IV,,
HD 10647 b,HD 10647,17.35,6218,1.11,1.1,F9 V,,1.4
HD 10697 b,HD 10697,32.56,,,,G5,,
HD 11506 b,HD 11506,51.7,6055,1.24,1.33,G0 V,,2.4
HD 11506 c,HD 11506,51.7,6055,1.24,1.33,G0 V,,2.4
HD 11977 b,HD 11977,66.49,,,,G8 III/IV,,
HD 11964 b,HD 11964,33.98,,,,G8 IV,,
HD 11964 c,HD 11964,33.98,,,,G8 IV,,
HD 12661 b,HD 12661,37.16,,,,K0,,
HD 12661 c,HD 12661,37.16,,,,K0,,
HD 13189 b,HD 13189,300.3,,,,K2,,
HD 13908 b,HD 13908,66.89,6255,1.29,1.67,F8 V,,2.9
HD 13908 c,HD 13908,66.89,6255,1.29,1.67,F8 V,,2.9
HD 13931 b,HD 13931,45.52,,,,G0,,
HD 14067 b,HD 14067,163.4,4815,2.4,12.4,G9 III,,0.69
HD 16141 b,HD 16141,35.91,,,,G5 IV,,
HD 16417 b,HD 16417,25.54,,,,G1 V,,
HD 16175 b,HD 16175,59.84,,,,G0,,
HD 17092 b,HD 17092,,4650,2.3,,K0 III,,
HD 17156 b,HD 17156,75,6100,1.24,1.44,G0 V,0.59,2.8
HD 18742 b,HD 18742,127.88,,,,G8/K0 IV,,
HD 19994 b,HD 19994,22.38,6190,1.37,,G0 V,,
HD 20794 b,HD 20794,6.06,,,,G8 III,,
HD 20794 c,HD 20794,6.06,,,,G8 III,,
HD 20794 d,HD 20794,6.06,,,,G8 III,,
HD 20782 b,HD 20782,36.02,5758,1,,G3 V,,7.1
HD 20868 b,HD 20868,48.9,4795,0.78,0.79,K3/4 IV,,4.5
HD 23127 b,HD 23127,89.13,,1.13,,G2 V,,7.1
HD 23079 b,HD 23079,34.6,,,,F8/G0 V,,
HD 22781 b,HD 22781,31.79,,,,K0,,
HD 23596 b,HD 23596,51.97,,,,F8,,
HD 24040 b,HD 24040,46.51,5853,1.18,,G0 V,,
HD 25171 b,HD 25171,56.05,,,,F8 V,,
HD 27442 b,HD 27442,18.24,,,,K1/2 III,,
HD 27631 b,HD 27631,44.54,5737,0.94,1,G3 IV-V,,4.4
HD 27894 b,HD 27894,42.37,4875,0.8,,K2 V,,3.9
HD 28254 b,HD 28254,54.7,5664,1.06,1.48,G1 IV/V,,
HD 28185 b,HD 28185,39.56,,,,G5/6 V,,
HD 28678 b,HD 28678,168.92,,,,G8 IV,,
HD 30177 b,HD 30177,54.71,5588,1.01,,G8 V,,
HD 30562 b,HD 30562,26.5,5994,1.23,1.53,F8 V,,3.6
HD 30669 b,HD 30669,57.1,5400,0.92,0.91,G9 V,,4.8
HD 30856 b,HD 30856,121.07,,,,K0 III,,
HD 31253 b,HD 31253,53.82,,,,F8,,
HD 32518 b,HD 32518,117.37,4580,1.13,10.22,K1 III,,5.83
HD 33142 b,HD 33142,136.8,,,,K0 III,,
HD 33283 b,HD 33283,86.88,5995,1.24,1.2,G3 V,,
HD 33564 b,HD 33564,20.98,,,,F7 V,,
HD 34445 b,HD 34445,45.01,,,,G0,,
HD 37124 b,HD 37124,33.24,,,,G4 V,,
HD 37124 c,HD 37124,33.24,,,,G4 V,,
HD 37124 d,HD 37124,33.24,,,,G4 V,,
HD 37605 b,HD 37605,42.88,5448,1,0.9,K0 V,,7
HD 37605 c,HD 37605,42.88,5448,1,0.9,K0 V,,7
HD 38283 b,HD 38283,37.78,,,,G0/1 V,,
HD 38529 b,HD 38529,42.43,,,,G8 III/IV,,
HD 38529 c,HD 38529,42.43,,,,G8 III/IV,,
HD 38801 b,HD 38801,99.4,,,,G8 IV,,
HD 39091 b,HD 39091,18.21,,,,G1 V,,
HD 40307 b,HD 40307,12.83,4956,0.77,,K2.5 V,,4.5
HD 40307 c,HD 40307,12.83,4956,0.77,,K2.5 V,,4.5
HD 40307 d,HD 40307,12.83,4956,0.77,,K2.5 V,,4.5
HD 40307 e,HD 40307,12.83,4956,0.77,,K2.5 V,,4.5
HD 40307 f,HD 40307,12.83,4956,0.77,,K2.5 V,,4.5
HD 40307 g,HD 40307,12.83,4956,0.77,,K2.5 V,,4.5
HD 40979 b,HD 40979,33.33,,,,F8,,
HD 41004 A b,HD 41004 A,43.03,5010,0.7,,K1/K2 V,,1.6
HD 41004 B b,HD 41004 B,43.03,,0.4,,M2 V,,
HD 43197 b,HD 43197,56.3,5508,0.96,1,G8 V,,
HD 43691 b,HD 43691,93.2,6200,1.38,,G0 IV,,2.8
HD 44219 b,HD 44219,50.4,5752,1,1.32,G2 V,,
HD 45364 b,HD 45364,32.58,,,,K0 V,,
HD 45364 c,HD 45364,32.58,,,,K0 V,,
HD 45350 b,HD 45350,48.95,5616,1.02,,G5 V,,8
HD 45652 b,HD 45652,36.14,5312,0.83,,G8-K0,,12
HD 46375 b,HD 46375,33.41,5285,0.92,,K1 IV-V,,
HD 47186 b,HD 47186,37.84,5675,0.99,,G5 V,,
HD 47186 c,HD 47186,37.84,5675,0.99,,G5 V,,
HD 47536 b,HD 47536,121.36,4424,0.91,22.39,K1 III,,10.15
HD 48265 b,HD 48265,87.41,5789,1.22,1.82,G5 V,,4.56
HD 49674 b,HD 49674,40.73,,,,G5 V,,
HD 50499 b,HD 50499,47.26,,1.24,,G0/2 V,,6
HD 50554 b,HD 50554,31.03,5987,1.04,1.02,F8,,2.16
HD 52265 b,HD 52265,28.07,6060,1.18,1.1,G0 V,,3.5
HD 60532 b,HD 60532,25.7,6095,1.44,,F6 IV,,2.7
HD 60532 c,HD 60532,25.7,6095,1.44,,F6 IV,,2.7
HD 62509 b,HD 62509,10.34,4946,2.1,8.31,K0 III,,0.98
HD 63454 b,HD 63454,35.8,4840,0.84,1.05,K4 V,,
HD 63765 b,HD 63765,32.62,,,,G6 IV/V,,
HD 65216 b,HD 65216,35.59,5666,0.92,,G5 V,,
HD 65216 c,HD 65216,35.59,5666,0.92,,G5 V,,
HD 66141 b,HD 66141,80.06,4323,1.1,21.4,K2 III,,6.84
HD 66428 b,HD 66428,55.04,5752,1.1,,G8 IV (+ G),,
HD 67087 b,HD 67087,88.81,6330,1.36,1.55,F8 V,,1.45
HD 67087 c,HD 67087,88.81,6330,1.36,1.55,F8 V,,1.45
HD 68988 b,HD 68988,58.82,5960,1.18,,G2 V,,
HD 69830 b,HD 69830,12.58,5385,0.86,,K0 V,,7
HD 69830 c,HD 69830,12.58,5385,0.86,,K0 V,,7
HD 69830 d,HD 69830,12.58,5385,0.86,,K0 V,,7
HD 70573 b,HD 70573,45.7,5737,1,,G1-1.5 V,,0.102
HD 70642 b,HD 70642,28.76,5706,1.05,,G5,,
HD 72659 b,HD 72659,51.36,,,,G0 V,,
HD 73256 b,HD 73256,36.52,5570,1.05,0.89,G8/K0,,0.83
HD 73267 b,HD 73267,54.91,5317,0.89,1.04,G5 V,,7.4
HD 73526 b,HD 73526,94.61,,,,G6 V,,
HD 73526 c,HD 73526,94.61,,,,G6 V,,
HD 73534 b,HD 73534,81,5041,1.23,2.39,G5 IV,,
HD 74156 b,HD 74156,64.56,,,,G1 V,,
HD 74156 c,HD 74156,64.56,,,,G1 V,,
HD 75289 b,HD 75289,28.94,6095,1.21,,G0,,
HD 75784 b,HD 75784,68.7,4917,1.41,3.3,K3 IV,,4
HD 75898 b,HD 75898,80.58,6021,1.28,1.6,G0 V,,3.8
HD 76700 b,HD 76700,59.7,,,,G6 V,,
HD 77338 b,HD 77338,41.27,5370,0.93,0.88,K0 IV,,
HD 79498 b,HD 79498,48.64,,,,G5,,
HD 80606 b,HD 80606,29.04,5645,0.97,0.98,G5,,
HD 81040 b,HD 81040,32.56,5700,0.96,0.86,G2/G3,,0.73
HD 81688 b,HD 81688,88.26,,,,G5,,
HD 82943 b,HD 82943,27.46,6016,1.2,,G2/3 V,,
HD 82943 c,HD 82943,27.46,6016,1.2,,G2/3 V,,
HD 82886 b,HD 82886,112.23,,,,G0,,
HD 83443 b,HD 83443,43.53,5454,0.9,,K0/1 V + G (III),,3.2
HD 85390 b,HD 85390,33.96,,,,K1 V,,
HD 85512 b,HD 85512,11.15,,,,M0 V,,
HD 86081 b,HD 86081,91.16,,1.21,1.22,F8 V,,
HD 86226 b,HD 86226,42.48,5903,1.06,1.02,G2 V,,1.5
HD 86264 b,HD 86264,72.57,,,,F7 V,,
HD 87883 b,HD 87883,18.06,,,,K2.5 V,,
HD 88133 b,HD 88133,74.46,5494,1.2,1.93,G5 IV,,
HD 89307 b,HD 89307,30.88,,,,G0,,
HD 89744 b,HD 89744,38.99,,,,F8 IV,,
HD 90156 b,HD 90156,22.09,,,,G5 V,,
HD 92788 b,HD 92788,32.32,5821,1.1,,G6 V,,2.1
HD 93083 b,HD 93083,28.9,,,,K3 V,,
HD 95086 b,HD 95086,91.57,,1.6,,A8 III,,0.017
HD 95089 b,HD 95089,149.03,,,,G8/K0 IV,,
HD 95127 b,HD 95127,332,4218,1.2,20,K0,,5.5
HD 96063 b,HD 96063,132.8,,,,G6 V,,
HD 96167 b,HD 96167,84.03,,,,G3 V,,
HD 96127 b,HD 96127,221.24,,,,K2,,
HD 97658 b,HD 97658,21.3,5170,0.77,0.74,K1,2.66,6
HD 98219 b,HD 98219,150.38,,,,K0 III/IV,,
HD 98649 b,HD 98649,42.77,5759,1,1,G4 V,,2.3
HD 99109 b,HD 99109,60.46,5272,0.93,,G8/K0 IV,,
HD 99492 b,HD 99492,17.99,,,,K2/4,,
HD 99492 c,HD 99492,17.99,,,,K2/4,,
HD 99706 b,HD 99706,130.89,,,,K0,,
HD 100546 b,HD 100546,97,10500,2.4,,B9 Vne,,0.005
HD 100655 b,HD 100655,140.85,,,,K0,,
HD 100777 b,HD 100777,52.8,,,,G8 V,,
HD 101930 b,HD 101930,30.5,,,,K1 V,,
HD 102117 b,HD 102117,42,,,,G6 V,,
HD 102195 b,HD 102195,28.98,,,,K0 V,,
HD 102272 b,HD 102272,164.2,,,,K2,,
HD 102365 b,HD 102365,9.24,,,,G3/5 V,,
HD 102329 b,HD 102329,138.5,,,,K0 III,,
HD 102956 b,HD 102956,121.07,,,,G5,,
HD 103197 b,HD 103197,49.33,,,,K1 V(P),,
HD 103720 b,HD 103720,41.6,5017,0.79,0.73,K3 V,,3.8
HD 103774 b,HD 103774,53.08,6489,1.33,,F5 V,,1.05
HD 104067 b,HD 104067,20.82,,,,K2 V,,
HD 104985 b,HD 104985,102.04,,,,K0,,
HD 106252 b,HD 106252,37.44,,,,G0,,
HD 106270 b,HD 106270,87.87,,,,G5 IV,,
HD 106515 A b,HD 106515 A,36.36,5362,0.97,1.62,G5,,11.7
HD 106906 b,HD 106906,91.83,6516,1.5,,F5 V,,0.013
HD 107148 b,HD 107148,51.26,,,,G5 V,,
HD 108147 b,HD 108147,38.56,,,,F8/G0 V,,
HD 108341 b,HD 108341,49.4,5122,0.84,0.79,K2 V,,4.9
HD 108863 b,HD 108863,138.5,,,,K0,,
HD 108874 b,HD 108874,68.54,,,,G5 V,,
HD 108874 c,HD 108874,68.54,,,,G5 V,,
HD 109246 b,HD 109246,65.62,,,,G0,,
HD 109271 b,HD 109271,56.92,5783,1.05,,G5 V,,7.3
HD 109271 c,HD 109271,56.92,5783,1.05,,G5 V,,7.3
HD 109749 b,HD 109749,59.03,,,,G3 V,,
HD 110014 b,HD 110014,97.66,,,,K2 III,,
HD 111232 b,HD 111232,28.88,5494,0.78,,G5 V,,5.2
HD 113337 b,HD 113337,37.42,6576.6,1.4,1.5,F6 V,,0.15
HD 113538 b,HD 113538,15.9,4462,0.58,0.53,K9 V,,4.3
HD 113538 c,HD 113538,15.9,4462,0.58,0.53,K9 V,,4.3
HD 114386 b,HD 114386,28.04,4804,0.68,,K3 V,,
HD 114613 b,HD 114613,20.48,5729,1.36,,G4 IV,,
HD 114762 b,HD 114762,40.57,,,,F8,,
HD 114783 b,HD 114783,20.43,,,,K1 V,,
HD 114729 b,HD 114729,35,,,,G0 V,,
HD 116029 b,HD 116029,110.62,,,,K0,,
HD 117207 b,HD 117207,33.01,,,,G8 IV/V,,
HD 117618 b,HD 117618,38.02,,,,G2 V,,
HD 118203 b,HD 118203,88.57,,,,K0,,
HD 120084 b,HD 120084,97.66,4892,2.39,9.12,G7 III,,
HD 121504 b,HD 121504,44.37,6075,1.18,,G2 V,,1.2
HD 125612 b,HD 125612,52.83,,,,G3 V,,
HD 125612 c,HD 125612,52.83,,,,G3 V,,
HD 125612 d,HD 125612,52.83,,,,G3 V,,
HD 125595 b,HD 125595,27.45,,,,K3/4 V,,
HD 126614 b,HD 126614,68.35,,,,G8 IV,,
HD 128311 b,HD 128311,,,,,K0 V,,
HD 128311 c,HD 128311,,,,,K0 V,,
HD 129445 b,HD 129445,67.61,,,,G6 V,,
HD 130322 b,HD 130322,29.76,5387,0.92,0.85,K0 V,,
HD 131496 b,HD 131496,121.36,,,,K0,,
HD 132406 b,HD 132406,70.97,,,,G0,,
HD 132563 b,HD 132563,98.52,,,,F8,,
HD 131664 b,HD 131664,57.21,,,,G3 V,,
HD 134987 b,HD 134987,25.65,,,,G5 V,,
HD 134987 c,HD 134987,25.65,,,,G5 V,,
HD 136418 b,HD 136418,106.38,,,,G5,,
HD 139357 b,HD 139357,121.36,,,,K0,,
HD 137388 A b,HD 137388 A,38.45,,,,K2 IV,,
HD 141937 b,HD 141937,33.46,,,,G2/3 V,,
HD 142245 b,HD 142245,106.38,,,,K0,,
HD 142415 b,HD 142415,34.57,6045,1.03,,G1 V,,1.1
HD 143361 b,HD 143361,59.35,,,,G6 V,,
HD 145457 b,HD 145457,126.1,,,,K0,,
HD 142022 A b,HD 142022 A,35.87,,,,G9 IV-V,,
HD 145377 b,HD 145377,55.19,,,,G3 V,,
HD 145934 b,HD 145934,,,1.75,5.38,K0,,
HD 147018 b,HD 147018,42.68,,,,G8/K0 V,,
HD 147018 c,HD 147018,42.68,,,,G8/K0 V,,
HD 147513 b,HD 147513,12.87,5883,1.11,,G3/5 V,,0.3
HD 148156 b,HD 148156,53.05,,,,G0/2 V,,
HD 148427 b,HD 148427,59.28,,,,K0 III/IV,,
HD 149026 b,HD 149026,78.86,6160,1.34,1.54,G0,0.497,2.6
HD 149143 b,HD 149143,63.49,,,,G3 V,,
HD 150706 b,HD 150706,27.23,5961,1.17,0.96,G0 V,,3
HD 152079 b,HD 152079,85.18,,,,G6 V,,
HD 152581 b,HD 152581,182.82,,,,K0,,
HD 153950 b,HD 153950,51.87,,,,F8 V,,
HD 154345 b,HD 154345,18.06,,,,G8 V,,
HD 154672 b,HD 154672,65.79,,,,G3 IV,,
HD 154857 b,HD 154857,68.54,5605,1.72,1.76,G5 V,,
HD 154857 c,HD 154857,68.54,5605,1.72,1.76,G5 V,,
HD 155358 b,HD 155358,43.4,,,,G0,,
HD 155358 c,HD 155358,43.4,,,,G0,,
HD 156279 b,HD 156279,35.37,,,,K0,,
HD 156411 b,HD 156411,55.1,5900,1.25,2.16,F8 IV/V,,
HD 156668 b,HD 156668,24.05,,,,K3 V,,
HD 156846 b,HD 156846,49,,,,G1 V,,
HD 158038 b,HD 158038,114.15,,,,K0,,
HD 159243 b,HD 159243,68.59,6123,1.12,1.12,G0 V,,1.25
HD 159243 c,HD 159243,68.59,6123,1.12,1.12,G0 V,,1.25
HD 159868 b,HD 159868,52.72,,,,G5 V,,
HD 159868 c,HD 159868,52.72,,,,G5 V,,
HD 160691 b,HD 160691,15.28,5807,1.08,,G5 V,,6
HD 160691 c,HD 160691,15.28,5807,1.08,,G5 V,,6
HD 160691 d,HD 160691,15.28,5807,1.08,,G5 V,,6
HD 160691 e,HD 160691,15.28,5807,1.08,,G5 V,,6
HD 162020 b,HD 162020,31.26,,,,K2 (V),,
HD 163607 b,HD 163607,69.44,5543,1.09,1.63,G5 IV,,8.6
HD 163607 c,HD 163607,69.44,5543,1.09,1.63,G5 IV,,8.6
HD 164509 b,HD 164509,51.81,5922,1.13,1.06,G5 V,,1.1
HD 164922 b,HD 164922,21.92,,,,G9 V,,
HD 164604 b,HD 164604,37.98,,,,K1/3,,
HD 166724 b,HD 166724,42.99,5127,0.81,,K0 IV-V,,4
HD 167042 b,HD 167042,50,4943,1.5,4.5,K1 IV,,
HD 168443 b,HD 168443,37.88,5491,0.99,1.51,G5,,
HD 168443 c,HD 168443,37.88,5491,0.99,1.51,G5,,
HD 168746 b,HD 168746,43.12,5564,0.93,,G5,,
HD 169830 b,HD 169830,36.32,6299,1.4,,F8 V,,2.8
HD 169830 c,HD 169830,36.32,6299,1.4,,F8 V,,2.8
HD 170469 b,HD 170469,64.98,5810,1.14,1.22,G5 IV,,6.7
HD 171028 b,HD 171028,90,5663,0.99,1.95,G0,,8.5
HD 171238 b,HD 171238,44.05,5467,0.94,,K0 V,,4.92
HD 173416 b,HD 173416,134.95,4683,2,13.5,G8,,
HD 175167 b,HD 175167,67.02,,,,G5 IV/V,,
HD 175541 b,HD 175541,127.55,5060,1.65,3.8,G8 IV,,1.9
HD 177830 b,HD 177830,59.03,,,,K0,,
HD 177830 c,HD 177830,59.03,,,,K0,,
HD 178911 B b,HD 178911 B,46.73,,,,G5,,
HD 179079 b,HD 179079,63.69,5684,1.15,1.6,G5 IV,,
HD 179949 b,HD 179949,27.05,6168,1.21,,F8 V,,
HD 180314 b,HD 180314,131.75,,,,K0,,
HD 180902 b,HD 180902,114.55,,,,K0 III/IV,,
HD 181342 b,HD 181342,115.47,,,,K0 III,,
HD 181433 b,HD 181433,26.15,4962,0.78,,K3 IV,,
HD 181433 c,HD 181433,26.15,4962,0.78,,K3 IV,,
HD 181433 d,HD 181433,26.15,4962,0.78,,K3 IV,,
HD 181720 b,HD 181720,55.93,5781,0.92,1.39,G1 V,,
HD 183263 b,HD 183263,52.83,5936,1.17,,G2 IV,,8.13
HD 183263 c,HD 183263,52.83,5936,1.17,,G2 IV,,8.13
HD 185269 b,HD 185269,47.37,5980,1.28,1.88,G0 IV,,4.2
HD 187085 b,HD 187085,44.98,6075,1.22,,G0 V,,3.3
HD 187123 b,HD 187123,47.92,5830,1,,G3 V,,
HD 187123 c,HD 187123,47.92,5830,1,,G3 V,,
HD 188015 b,HD 188015,52.63,5746,1.09,,G5 IV,,
HD 189733 b,HD 189733,19.25,5050,0.84,0.75,K2 V,2.79,1.4
HD 190360 b,HD 190360,15.89,5590,0.96,1.13,G6 IV,,6.7
HD 190360 c,HD 190360,15.89,5590,0.96,1.13,G6 IV,,6.7
HD 190647 b,HD 190647,54.23,,,,G5 V,,
HD 190984 b,HD 190984,189.39,5988,0.91,1.53,F8 V,,
HD 192263 b,HD 192263,19.89,,,,K2 V,,
HD 192310 b,HD 192310,8.82,,,,K3 V,,
HD 192310 c,HD 192310,8.82,,,,K3 V,,
HD 192699 b,HD 192699,67.39,5220,1.68,3.9,G8 IV,,1.8
HD 195019 b,HD 195019,37.35,5788,1.07,,G3 V/IV,,
HD 196050 b,HD 196050,46.93,5892,1.15,,G4 V,,
HD 196067 b,HD 196067,43.57,6017,1.29,1.73,G1 V,,3.3
HD 196885 b,HD 196885,32.99,6254,1.28,1.31,F8 V,,3.12
HD 197037 b,HD 197037,32.83,,,,G0,,
HD 200964 b,HD 200964,68.35,5164,1.44,4.3,G8 IV,,3
HD 200964 c,HD 200964,68.35,5164,1.44,4.3,G8 IV,,3
HD 202206 b,HD 202206,46.34,5765,1.15,,G6 V,,5.6
HD 202206 c,HD 202206,46.34,5765,1.15,,G6 V,,5.6
HD 203030 b,HD 203030,40.85,,,,G8 V,,0.22
HD 204313 b,HD 204313,47.3,5760,1.02,,G5 V,,7.2
HD 204313 d,HD 204313,47.3,5760,1.02,,G5 V,,7.2
HD 204941 b,HD 204941,26.95,,,,K1/2 V,,
HD 205739 b,HD 205739,90.33,6176,1.22,1.33,F7 V,,2.84
HD 206610 b,HD 206610,170.07,,,,K0 III,,
HD 207832 b,HD 207832,55.31,5710,0.94,0.9,G5 V,,
HD 207832 c,HD 207832,55.31,5710,0.94,0.9,G5 V,,
HD 208527 b,HD 208527,352.11,4035,1.6,51.1,M1 III,,2
HD 208487 b,HD 208487,44,6067,1.13,,G2 V,,
HD 209458 b,HD 209458,47.08,6117,1.15,1.16,F8,1.033,2.3
HD 210277 b,HD 210277,21.29,5555,1.01,,G8/K0 V,,
HD 210702 b,HD 210702,55.93,4967,1.68,5.1,K1 III,,
HD 212771 b,HD 212771,121.8,,,,G8 IV,,
HD 212301 b,HD 212301,52.72,,,,F8 V,,
HD 213240 b,HD 213240,40.75,,,,G0/1 V,,
HD 215497 b,HD 215497,43.53,5113,0.87,,K3 V,,7
HD 215497 c,HD 215497,43.53,5113,0.87,,K3 V,,7
HD 216435 b,HD 216435,33.29,5999,1.3,,G0 V,,3
HD 216437 b,HD 216437,26.52,5887,1.06,,G2/3 IV,,5.8
HD 216536 b,HD 216536,,4639,1.36,12.5,K0,,3.8
HD 216770 b,HD 216770,37.89,,0.9,,K0 V,,3.1
HD 217107 b,HD 217107,19.72,5646,1.02,,G8 IV,,
HD 217107 c,HD 217107,19.72,5646,1.02,,G8 IV,,
HD 217786 b,HD 217786,54.92,,,,F8 V,,
HD 218566 b,HD 218566,29.94,,,,K3 V,,
HD 219077 b,HD 219077,29.2,5362,1.05,1.91,G8 V,,8.9
HD 219415 b,HD 219415,,4820,1,2.9,,,
HD 219828 b,HD 219828,81.1,,,,G0,,
HD 220074 b,HD 220074,289.02,3935,1.2,49.7,M2 III,,4.5
HD 220689 b,HD 220689,45.23,5921,1.04,1.07,G3 V,,3.5
HD 220773 b,HD 220773,48.43,,,,G0,,
HD 221287 b,HD 221287,52.88,,,,F7 V,,
HD 222155 b,HD 222155,50.45,5765,1.13,1.67,G2 V,,8.2
HD 222582 b,HD 222582,41.95,5727,0.99,,G5 V,,
HD 224693 b,HD 224693,94.07,6037,1.33,1.7,G2 IV,,
HD 231701 b,HD 231701,108.46,6208,1.14,1.35,F8 V,,4.9
HD 233604 b,HD 233604,,4791,1.5,10.9,K5,,2.4
HD 240210 b,HD 240210,,4297,0.82,,K3 III,,
HD 240237 b,HD 240237,307.69,4361,1.69,32,K2 III,,
HD 290327 b,HD 290327,56.7,5552,0.9,1,G8 V,,
HD 285968 b,HD 285968,9.42,3679,0.45,0.45,M2 V,,
HD 285507 b,HD 285507,42.43,4503,0.73,0.66,K4.5 V,,0.625
HD 330075 b,HD 330075,50.2,5017,0.7,,K1,,6.2
HIP 5158 b,HIP 5158,44.8,,,,,,
HIP 5158 c,HIP 5158,44.8,,,,,,
HIP 12961 b,HIP 12961,23.8,,,,M0,,
HIP 14810 b,HIP 14810,52.88,,,,,,
HIP 14810 c,HIP 14810,52.88,,,,,,
HIP 14810 d,HIP 14810,52.88,,,,,,
HIP 57050 b,HIP 57050,11.03,,,,M4,,
HIP 57274 b,HIP 57274,25.87,,,,K4 V,,
HIP 57274 c,HIP 57274,25.87,,,,K4 V,,
HIP 57274 d,HIP 57274,25.87,,,,K4 V,,
HIP 63510 c,HIP 63510,11.43,,,,M0.5,,
HIP 63242 b,HIP 63242,149.25,4830,1.54,,G8,,
HIP 67851 b,HIP 67851,66,4805,1.3,5.87,K0 III,,
HIP 67851 c,HIP 67851,66,4805,1.3,5.87,K0 III,,
HIP 70849 b,HIP 70849,23.98,,,,K7 V k,,
HIP 75458 b,HIP 75458,31.33,4530,1.05,,K2 III,,
HIP 78530 b,HIP 78530,156.7,10500,2.5,,B9 V,,0.005
HIP 79431 b,HIP 79431,14.9,,,,M3 V,,
HIP 91258 b,HIP 91258,44.46,5519,0.95,1,G5 V,,2.4
HIP 97233 b,HIP 97233,106.5,5020,1.93,5.34,K0,,
HIP 105854 b,HIP 105854,84.6,4780,2.1,,K2 III,,
HIP 116454 b,HIP 116454,55.2,5089,0.78,0.72,K1,2.97,2
HR 810 b,HR 810,17.24,,,,G0 V,,
HR 8799 b,HR 8799,39.94,,,,F0+ V ({lambda} Boo)...,,
HR 8799 c,HR 8799,39.94,,,,F0+ V ({lambda} Boo)...,,
HR 8799 d,HR 8799,39.94,,,,F0+ V ({lambda} Boo)...,,
HR 8799 e,HR 8799,39.94,,,,F0+ V ({lambda} Boo)...,,
K2-3 b,K2-3,45,3896,0.6,0.56,M0.0 V,,1
K2-3 c,K2-3,45,3896,0.6,0.56,M0.0 V,,1
K2-3 d,K2-3,45,3896,0.6,0.56,M0.0 V,,1
KELT-1 b,KELT-1,262,6518,1.32,1.46,,,
KELT-2 A b,KELT-2 A,124.22,6151,1.31,1.83,F8,,
KELT-3 b,KELT-3,178,6306,1.28,1.47,,0.565,3
KELT-6 b,KELT-6,222,6102,1.08,1.58,F8,0.387,6.1
TrES-2 b,TrES-2,213,5850,0.98,1,G0 V,,
HAT-P-7 b,HAT-P-7,320,6350,1.47,1.84,,,
HAT-P-11 b,HAT-P-11,38,4780,0.81,0.75,K4,,6.5
Kepler-4 b,Kepler-4,550,5857,1.22,1.49,,,4.5
Kepler-5 b,Kepler-5,,6297,1.37,1.79,,,3
Kepler-6 b,Kepler-6,,5647,1.21,1.39,,,3.8
Kepler-7 b,Kepler-7,,5933,1.35,1.84,,,3.5
Kepler-8 b,Kepler-8,1330,6213,1.21,1.49,,,3.84
Kepler-9 b,Kepler-9,650,5777,1.07,1.02,,,1
Kepler-9 c,Kepler-9,650,5777,1.07,1.02,,,1
Kepler-9 d,Kepler-9,650,5777,1.07,1.02,,,1
Kepler-10 b,Kepler-10,173,5708,0.91,1.06,,1.068,10.6
Kepler-10 c,Kepler-10,173,5708,0.91,1.06,,1.068,10.6
Kepler-11 b,Kepler-11,613,5680,0.95,1.1,,,8
Kepler-11 c,Kepler-11,613,5680,0.95,1.1,,,8
Kepler-11 d,Kepler-11,613,5680,0.95,1.1,,,8
Kepler-11 e,Kepler-11,613,5680,0.95,1.1,,,8
Kepler-11 f,Kepler-11,613,5680,0.95,1.1,,,8
Kepler-11 g,Kepler-11,613,5680,0.95,1.1,,,8
Kepler-12 b,Kepler-12,600,5947,1.17,1.48,,0.499,4
KOI-13 b,KOI-13,,8848,,2.68,,,
Kepler-14 b,Kepler-14,980,6395,1.51,2.05,,,2.2
Kepler-15 b,Kepler-15,,5515,1.02,0.99,,1.47,3.7
Kepler-16 b,Kepler-16,61,4450,0.69,0.65,,3.563,
Kepler-17 b,Kepler-17,800,5781,1.16,1.05,G2 V,1.415,1.78
Kepler-18 b,Kepler-18,,5345,0.97,1.11,,1.01,10
Kepler-18 c,Kepler-18,,5345,0.97,1.11,,1.01,10
Kepler-18 d,Kepler-18,,5345,0.97,1.11,,1.01,10
Kepler-19 b,Kepler-19,2119,5541,0.94,0.85,,,1.9
Kepler-19 c,Kepler-19,2119,5541,0.94,0.85,,,1.9
Kepler-20 b,Kepler-20,290,5466,0.91,0.94,,1.51,8.8
Kepler-20 c,Kepler-20,290,5466,0.91,0.94,,1.51,8.8
Kepler-20 d,Kepler-20,290,5466,0.91,0.94,,1.51,8.8
Kepler-20 e,Kepler-20,290,5466,0.91,0.94,,1.51,8.8
Kepler-20 f,Kepler-20,290,5466,0.91,0.94,,1.51,8.8
Kepler-21 b,Kepler-21,108,6131,1.34,1.86,F6 IV,0.2886,2.84
Kepler-22 b,Kepler-22,190,5518,0.97,0.98,G5 V,1.458,
Kepler-23 b,Kepler-23,800,5828,1.11,1.55,,,6
Kepler-23 c,Kepler-23,800,5828,1.11,1.55,,,6
Kepler-23 d,Kepler-23,800,5828,1.11,1.55,,,6
Kepler-24 b,Kepler-24,1200,5897,1.03,1.29,,,7.7
Kepler-24 c,Kepler-24,1200,5897,1.03,1.29,,,7.7
Kepler-24 d,Kepler-24,1200,5897,1.03,1.29,,,7.7
Kepler-24 e,Kepler-24,1200,5897,1.03,1.29,,,7.7
Kepler-25 b,Kepler-25,,6270,1.19,1.31,,0.75,11
Kepler-25 c,Kepler-25,,6270,1.19,1.31,,0.75,11
Kepler-25 d,Kepler-25,,6270,1.19,1.31,,0.75,11
Kepler-26 b,Kepler-26,,4486,0.65,0.57,,,
Kepler-26 c,Kepler-26,,4486,0.65,0.57,,,
Kepler-26 d,Kepler-26,,4486,0.65,0.57,,,
Kepler-26 e,Kepler-26,,4486,0.65,0.57,,,
Kepler-27 b,Kepler-27,,5400,0.65,0.59,,,
Kepler-27 c,Kepler-27,,5400,0.65,0.59,,,
Kepler-28 b,Kepler-28,,4590,0.75,0.7,,,
Kepler-28 c,Kepler-28,,4590,0.75,0.7,,,
Kepler-29 b,Kepler-29,1400,5750,1,0.96,,,
Kepler-29 c,Kepler-29,1400,5750,1,0.96,,,
Kepler-30 b,Kepler-30,1400,5498,0.99,0.95,,2,2
Kepler-30 c,Kepler-30,1400,5498,0.99,0.95,,2,2
Kepler-30 d,Kepler-30,1400,5498,0.99,0.95,,2,2
Kepler-31 b,Kepler-31,2100,6034,1.21,1.31,,,
Kepler-31 c,Kepler-31,2100,6034,1.21,1.31,,,
Kepler-31 d,Kepler-31,2100,6034,1.21,1.31,,,
Kepler-32 b,Kepler-32,303,3793,0.54,0.53,M1 V,,2
Kepler-32 c,Kepler-32,303,3793,0.54,0.53,M1 V,,2
Kepler-32 d,Kepler-32,303,3793,0.54,0.53,M1 V,,2
Kepler-32 e,Kepler-32,303,3793,0.54,0.53,M1 V,,2
Kepler-32 f,Kepler-32,303,3793,0.54,0.53,M1 V,,2
Kepler-33 b,Kepler-33,,5904,1.29,1.82,,0.3,4.27
Kepler-33 c,Kepler-33,,5904,1.29,1.82,,0.3,4.27
Kepler-33 d,Kepler-33,,5904,1.29,1.82,,0.3,4.27
Kepler-33 e,Kepler-33,,5904,1.29,1.82,,0.3,4.27
Kepler-33 f,Kepler-33,,5904,1.29,1.82,,0.3,4.27
Kepler-34 b,Kepler-34,1499,5913,1.05,1.16,,,
Kepler-35 b,Kepler-35,1645,5606,0.89,1.03,,,
Kepler-36 b,Kepler-36,470,5911,1.07,1.63,,0.3508,6.8
Kepler-36 c,Kepler-36,470,5911,1.07,1.63,,0.3508,6.8
Kepler-37 b,Kepler-37,66,5417,0.8,0.77,,2.46,5.66
Kepler-37 c,Kepler-37,66,5417,0.8,0.77,,2.46,5.66
Kepler-37 d,Kepler-37,66,5417,0.8,0.77,,2.46,5.66
Kepler-37 e,Kepler-37,66,5417,0.8,0.77,,2.46,5.66
Kepler-38 b,Kepler-38,600,5623,0.94,1.75,G4 V,0.175,10
Kepler-39 b,Kepler-39,1200,6350,1.29,1.4,F7 V,0.66,2.1
Kepler-40 b,Kepler-40,2700,6510,1.48,2.13,F5 IV,0.213,2.8
Kepler-41 b,Kepler-41,770,5750,1.15,1.29,G2 V,0.754,4.4
Kepler-42 b,Kepler-42,38.7,3068,0.13,0.17,M,,4.5
Kepler-42 c,Kepler-42,38.7,3068,0.13,0.17,M,,4.5
Kepler-42 d,Kepler-42,38.7,3068,0.13,0.17,M,,4.5
Kepler-43 b,Kepler-43,1950,6050,1.27,1.38,F8 V,0.69,2.3
Kepler-44 b,Kepler-44,2250,5800,1.12,1.35,G2 IV,0.63,5.8
Kepler-45 b,Kepler-45,333,3820,0.59,0.55,M,4,0.5
Kepler-46 b,Kepler-46,855,5309,0.9,0.79,,1.53,9.7
Kepler-46 c,Kepler-46,855,5309,0.9,0.79,,1.53,9.7
Kepler-46 d,Kepler-46,855,5309,0.9,0.79,,1.53,9.7
Kepler-47 b,Kepler-47,1500,5636,1.05,0.96,,1.176,
Kepler-47 c,Kepler-47,1500,5636,1.05,0.96,,1.176,
Kepler-48 b,Kepler-48,,5194,0.88,0.89,,1.98,3.14
Kepler-48 c,Kepler-48,,5194,0.88,0.89,,1.98,3.14
Kepler-48 d,Kepler-48,,5194,0.88,0.89,,1.98,3.14
Kepler-48 e,Kepler-48,,5194,0.88,0.89,,1.98,3.14
Kepler-49 b,Kepler-49,,4252,0.55,0.56,,,
Kepler-49 c,Kepler-49,,4252,0.55,0.56,,,
Kepler-49 d,Kepler-49,,4252,0.55,0.56,,,
Kepler-49 e,Kepler-49,,4252,0.55,0.56,,,
Kepler-50 b,Kepler-50,,6058,1.23,1.88,,,
Kepler-50 c,Kepler-50,,6058,1.23,1.88,,,
Kepler-51 b,Kepler-51,,6018,1.04,0.94,,2.16,0.3
Kepler-51 c,Kepler-51,,6018,1.04,0.94,,2.16,0.3
KOI-620.02,Kepler-51,,6018,1.04,0.94,,2.16,0.3
Kepler-52 b,Kepler-52,,4263,0.54,0.56,,,
Kepler-52 c,Kepler-52,,4263,0.54,0.56,,,
Kepler-52 d,Kepler-52,,4263,0.54,0.56,,,
Kepler-53 b,Kepler-53,,6085,0.98,0.96,,,
Kepler-53 c,Kepler-53,,6085,0.98,0.96,,,
Kepler-53 d,Kepler-53,,6085,0.98,0.96,,,
Kepler-54 b,Kepler-54,,4252,0.51,0.55,,,
Kepler-54 c,Kepler-54,,4252,0.51,0.55,,,
Kepler-54 d,Kepler-54,,4252,0.51,0.55,,,
Kepler-55 b,Kepler-55,,4503,0.62,0.62,,,
Kepler-55 c,Kepler-55,,4503,0.62,0.62,,,
Kepler-55 d,Kepler-55,,4503,0.62,0.62,,,
Kepler-55 e,Kepler-55,,4503,0.62,0.62,,,
Kepler-55 f,Kepler-55,,4503,0.62,0.62,,,
Kepler-56 b,Kepler-56,,4840,1.32,4.23,,0.0246,3.5
Kepler-56 c,Kepler-56,,4840,1.32,4.23,,0.0246,3.5
Kepler-57 b,Kepler-57,,5145,0.83,0.73,,,
Kepler-57 c,Kepler-57,,5145,0.83,0.73,,,
Kepler-58 b,Kepler-58,,6099,0.95,1.13,,,
Kepler-58 c,Kepler-58,,6099,0.95,1.13,,,
Kepler-58 d,Kepler-58,,6099,0.95,1.13,,,
Kepler-59 b,Kepler-59,,6074,1.04,0.94,,,
Kepler-59 c,Kepler-59,,6074,1.04,0.94,,,
Kepler-60 b,Kepler-60,,5915,1.11,1.5,,,
Kepler-60 c,Kepler-60,,5915,1.11,1.5,,,
Kepler-60 d,Kepler-60,,5915,1.11,1.5,,,
Kepler-61 b,Kepler-61,,4017,0.64,0.62,K7 V,,1
Kepler-62 b,Kepler-62,368,4925,0.69,0.64,K2 V,3.8,7
Kepler-62 c,Kepler-62,368,4925,0.69,0.64,K2 V,3.8,7
Kepler-62 d,Kepler-62,368,4925,0.69,0.64,K2 V,3.8,7
Kepler-62 e,Kepler-62,368,4925,0.69,0.64,K2 V,3.8,7
Kepler-62 f,Kepler-62,368,4925,0.69,0.64,K2 V,3.8,7
Kepler-63 b,Kepler-63,200,5576,0.98,0.9,,1.895,0.21
PH1 b,KOI-6464,1000,6407,1.53,1.73,F,0.293,2
Kepler-65 b,Kepler-65,,6211,1.25,1.41,,0.621,2.9
Kepler-65 c,Kepler-65,,6211,1.25,1.41,,0.621,2.9
Kepler-65 d,Kepler-65,,6211,1.25,1.41,,0.621,2.9
Kepler-66 b,Kepler-66,1107,5962,1.04,0.97,G0 V,1.62,1
Kepler-67 b,Kepler-67,1107,5331,0.86,0.78,G9 V,2.66,1
Kepler-68 b,Kepler-68,135,5793,1.08,1.24,,0.79,6.3
Kepler-68 c,Kepler-68,135,5793,1.08,1.24,,0.79,6.3
Kepler-68 d,Kepler-68,135,5793,1.08,1.24,,0.79,6.3
Kepler-69 b,Kepler-69,,5638,0.81,0.93,G4 V,1.37,
Kepler-69 c,Kepler-69,,5638,0.81,0.93,G4 V,1.37,
KOI-55 b,KOI-55,1180,27730,0.5,0.2,B,84.1,
KOI-55 c,KOI-55,1180,27730,0.5,0.2,B,84.1,
KOI-217 b,KOI-217,800,5545,0.95,0.86,,,
Kepler-74 b,Kepler-74,1330,6000,1.18,1.12,F8 V,1.3,0.8
Kepler-75 b,Kepler-75,1140,5200,0.91,0.89,K0 V,1.85,6.2
Kepler-76 b,Kepler-76,,6409,1.2,1.32,F,0.735,
Kepler-77 b,Kepler-77,570,5520,0.95,0.99,G5 V,1.365,7.5
Kepler-78 b,Kepler-78,,5058,0.76,0.74,G,2.8,0.75
Kepler-79 b,Kepler-79,,6174,1.17,1.3,,0.741,3.44
Kepler-79 c,Kepler-79,,6174,1.17,1.3,,0.741,3.44
Kepler-79 d,Kepler-79,,6174,1.17,1.3,,0.741,3.44
Kepler-79 e,Kepler-79,,6174,1.17,1.3,,0.741,3.44
Kepler-80 b,Kepler-80,,4613,0.72,0.64,,,
Kepler-80 c,Kepler-80,,4613,0.72,0.64,,,
Kepler-80 d,Kepler-80,,4613,0.72,0.64,,,
Kepler-80 e,Kepler-80,,4613,0.72,0.64,,,
Kepler-81 b,Kepler-81,,4500,0.64,0.59,,,
Kepler-81 c,Kepler-81,,4500,0.64,0.59,,,
Kepler-81 d,Kepler-81,,4500,0.64,0.59,,,
Kepler-82 b,Kepler-82,,5428,0.85,0.94,,,
Kepler-82 c,Kepler-82,,5428,0.85,0.94,,,
Kepler-82 d,Kepler-82,,5428,0.85,0.94,,,
Kepler-82 e,Kepler-82,,5428,0.85,0.94,,,
Kepler-83 b,Kepler-83,,4648,0.66,0.59,,,
Kepler-83 c,Kepler-83,,4648,0.66,0.59,,,
Kepler-83 d,Kepler-83,,4648,0.66,0.59,,,
Kepler-84 b,Kepler-84,,6031,1,1.17,,,
Kepler-84 c,Kepler-84,,6031,1,1.17,,,
Kepler-84 d,Kepler-84,,6031,1,1.17,,,
Kepler-84 e,Kepler-84,,6031,1,1.17,,,
Kepler-84 f,Kepler-84,,6031,1,1.17,,,
Kepler-85 b,Kepler-85,,5436,0.92,0.89,,,
Kepler-85 c,Kepler-85,,5436,0.92,0.89,,,
Kepler-85 d,Kepler-85,,5436,0.92,0.89,,,
Kepler-85 e,Kepler-85,,5436,0.92,0.89,,,
PH2 b,PH2,,5629,0.94,1,,1.3,
Kepler-87 b,Kepler-87,,5600,1.1,1.82,,,7.5
Kepler-87 c,Kepler-87,,5600,1.1,1.82,,,7.5
KOI-142 b,KOI-142,339,5471,0.96,0.88,G6 V,,2.2
KOI-142 c,KOI-142,339,5471,0.96,0.88,G6 V,,2.2
KOI-94 b,KOI-94,,6182,1.28,1.52,,,3.16
KOI-94 c,KOI-94,,6182,1.28,1.52,,,3.16
KOI-94 d,KOI-94,,6182,1.28,1.52,,,3.16
KOI-94 e,KOI-94,,6182,1.28,1.52,,,3.16
KOI-351 b,KOI-351,780,6080,1.2,1.2,,,
KOI-351 c,KOI-351,780,6080,1.2,1.2,,,
KOI-351 d,KOI-351,780,6080,1.2,1.2,,,
KOI-351 e,KOI-351,780,6080,1.2,1.2,,,
KOI-351 f,KOI-351,780,6080,1.2,1.2,,,
KOI-351 g,KOI-351,780,6080,1.2,1.2,,,
KOI-351 h,KOI-351,780,6080,1.2,1.2,,,
Kepler-91 b,Kepler-91,1030,4550,1.31,6.3,K3,0.0073,4.86
Kepler-92 b,Kepler-92,,5883,1.21,1.7,,,
Kepler-92 c,Kepler-92,,5883,1.21,1.7,,,
Kepler-93 b,Kepler-93,,5669,0.91,0.92,,,6.6
Kepler-93 c,Kepler-93,,5669,0.91,0.92,,,6.6
Kepler-94 b,Kepler-94,,4781,0.81,0.76,,2.9,1.41
Kepler-94 c,Kepler-94,,4781,0.81,0.76,,2.9,1.41
Kepler-95 b,Kepler-95,,5699,1.08,1.41,,0.54,5.63
Kepler-96 b,Kepler-96,,5690,1,1.02,,1.54,2.34
Kepler-97 b,Kepler-97,,5779,0.94,0.98,,1.53,8.42
Kepler-97 c,Kepler-97,,5779,0.94,0.98,,1.53,8.42
Kepler-98 b,Kepler-98,,5539,0.99,1.11,,1.12,2.79
Kepler-99 b,Kepler-99,,4782,0.79,0.73,,2.86,1.47
Kepler-100 b,Kepler-100,,5825,1.08,1.49,,0.44,6.46
Kepler-100 c,Kepler-100,,5825,1.08,1.49,,0.44,6.46
Kepler-100 d,Kepler-100,,5825,1.08,1.49,,0.44,6.46
Kepler-101 b,Kepler-101,,5667,1.17,1.56,G3 IV,0.437,5.9
Kepler-101 c,Kepler-101,,5667,1.17,1.56,G3 IV,0.437,5.9
Kepler-102 b,Kepler-102,,4909,0.81,0.76,,2.61,1.41
Kepler-102 c,Kepler-102,,4909,0.81,0.76,,2.61,1.41
Kepler-102 d,Kepler-102,,4909,0.81,0.76,,2.61,1.41
Kepler-102 e,Kepler-102,,4909,0.81,0.76,,2.61,1.41
Kepler-102 f,Kepler-102,,4909,0.81,0.76,,2.61,1.41
Kepler-103 b,Kepler-103,,5845,1.09,1.44,,0.52,5.7
Kepler-103 c,Kepler-103,,5845,1.09,1.44,,0.52,5.7
Kepler-104 b,Kepler-104,,5711,0.81,1.35,,,
Kepler-104 c,Kepler-104,,5711,0.81,1.35,,,
Kepler-104 d,Kepler-104,,5711,0.81,1.35,,,
Kepler-105 b,Kepler-105,,5873,1.28,1.16,,0.46,
Kepler-105 c,Kepler-105,,5873,1.28,1.16,,0.46,
Kepler-106 b,Kepler-106,,5858,1,1.04,,1.38,4.83
Kepler-106 c,Kepler-106,,5858,1,1.04,,1.38,4.83
Kepler-106 d,Kepler-106,,5858,1,1.04,,1.38,4.83
Kepler-106 e,Kepler-106,,5858,1,1.04,,1.38,4.83
Kepler-107 b,Kepler-107,,5851,,1.41,,,
Kepler-107 c,Kepler-107,,5851,,1.41,,,
Kepler-107 d,Kepler-107,,5851,,1.41,,,
Kepler-107 e,Kepler-107,,5851,,1.41,,,
Kepler-108 b,Kepler-108,,5854,0.87,2.19,,,
Kepler-108 c,Kepler-108,,5854,0.87,2.19,,,
Kepler-109 b,Kepler-109,,5952,1.04,1.32,,0.65,5.73
Kepler-109 c,Kepler-109,,5952,1.04,1.32,,0.65,5.73
Kepler-110 b,Kepler-110,,5960,,1.15,,,
Kepler-110 c,Kepler-110,,5960,,1.15,,,
Kepler-111 b,Kepler-111,,5952,,1.16,,,
Kepler-111 c,Kepler-111,,5952,,1.16,,,
Kepler-112 b,Kepler-112,,5544,,0.84,,,
Kepler-112 c,Kepler-112,,5544,,0.84,,,
Kepler-113 b,Kepler-113,,4725,0.75,0.69,,2.71,6.89
Kepler-113 c,Kepler-113,,4725,0.75,0.69,,2.71,6.89
Kepler-114 b,Kepler-114,,4605,0.56,0.67,,,
Kepler-114 c,Kepler-114,,4605,0.56,0.67,,,
Kepler-114 d,Kepler-114,,4605,0.56,0.67,,,
Kepler-115 b,Kepler-115,,5979,1,1.21,,,
Kepler-115 c,Kepler-115,,5979,1,1.21,,,
Kepler-116 b,Kepler-116,,6142,1.16,1.45,,,
Kepler-116 c,Kepler-116,,6142,1.16,1.45,,,
Kepler-117 b,Kepler-117,1430,6150,1.13,1.61,F8 V,0.41,5.3
Kepler-117 c,Kepler-117,1430,6150,1.13,1.61,F8 V,0.41,5.3
Kepler-118 b,Kepler-118,,5274,0.86,1.09,,,
Kepler-118 c,Kepler-118,,5274,0.86,1.09,,,
Kepler-119 b,Kepler-119,,5595,,0.84,,,
Kepler-119 c,Kepler-119,,5595,,0.84,,,
Kepler-120 b,Kepler-120,,4096,,0.53,,,
Kepler-120 c,Kepler-120,,4096,,0.53,,,
Kepler-121 b,Kepler-121,,5311,,0.7,,,
Kepler-121 c,Kepler-121,,5311,,0.7,,,
Kepler-122 b,Kepler-122,,6050,0.99,1.22,,,
Kepler-122 c,Kepler-122,,6050,0.99,1.22,,,
Kepler-122 d,Kepler-122,,6050,0.99,1.22,,,
Kepler-122 e,Kepler-122,,6050,0.99,1.22,,,
Kepler-122 f,Kepler-122,,6050,0.99,1.22,,,
Kepler-123 b,Kepler-123,,6089,1.03,1.26,,,
Kepler-123 c,Kepler-123,,6089,1.03,1.26,,,
Kepler-124 b,Kepler-124,,4984,,0.64,,,
Kepler-124 c,Kepler-124,,4984,,0.64,,,
Kepler-124 d,Kepler-124,,4984,,0.64,,,
Kepler-125 b,Kepler-125,,3810,0.55,0.51,,,
Kepler-125 c,Kepler-125,,3810,0.55,0.51,,,
Kepler-126 b,Kepler-126,,6239,,1.36,,,
Kepler-126 c,Kepler-126,,6239,,1.36,,,
Kepler-126 d,Kepler-126,,6239,,1.36,,,
Kepler-127 b,Kepler-127,,6106,,1.36,,,
Kepler-127 c,Kepler-127,,6106,,1.36,,,
Kepler-127 d,Kepler-127,,6106,,1.36,,,
Kepler-128 b,Kepler-128,,6090,1.18,1.66,,,
Kepler-128 c,Kepler-128,,6090,1.18,1.66,,,
Kepler-129 b,Kepler-129,,5770,1.18,1.64,,,
Kepler-129 c,Kepler-129,,5770,1.18,1.64,,,
Kepler-130 b,Kepler-130,,5884,1,1.13,,0.87,
Kepler-130 c,Kepler-130,,5884,1,1.13,,0.87,
Kepler-130 d,Kepler-130,,5884,1,1.13,,0.87,
Kepler-131 b,Kepler-131,,5685,1.02,1.03,,1.44,3.66
Kepler-131 c,Kepler-131,,5685,1.02,1.03,,1.44,3.66
Kepler-132 b,Kepler-132,,6003,,1.18,,,
Kepler-132 c,Kepler-132,,6003,,1.18,,,
Kepler-132 d,Kepler-132,,6003,,1.18,,,
Kepler-133 b,Kepler-133,,5736,,1.43,,,
Kepler-133 c,Kepler-133,,5736,,1.43,,,
Kepler-134 b,Kepler-134,,5983,,1.18,,,
Kepler-134 c,Kepler-134,,5983,,1.18,,,
Kepler-135 b,Kepler-135,,6090,,1.27,,,
Kepler-135 c,Kepler-135,,6090,,1.27,,,
Kepler-136 b,Kepler-136,,6165,1.2,1.35,,,
Kepler-136 c,Kepler-136,,6165,1.2,1.35,,,
Kepler-137 b,Kepler-137,,5187,,0.8,,,
Kepler-137 c,Kepler-137,,5187,,0.8,,,
Kepler-138 b,Kepler-138,,4079,0.57,0.53,M1 V,2.75,
Kepler-138 c,Kepler-138,,4079,0.57,0.53,M1 V,2.75,
Kepler-138 d,Kepler-138,,4079,0.57,0.53,M1 V,2.75,
Kepler-139 b,Kepler-139,,5594,1.08,1.3,,,
Kepler-139 c,Kepler-139,,5594,1.08,1.3,,,
Kepler-140 b,Kepler-140,,6077,,1.29,,,
Kepler-140 c,Kepler-140,,6077,,1.29,,,
Kepler-141 b,Kepler-141,,4910,1,0.79,,,
Kepler-141 c,Kepler-141,,4910,1,0.79,,,
Kepler-142 b,Kepler-142,,5790,0.99,1.27,,,
Kepler-142 c,Kepler-142,,5790,0.99,1.27,,,
Kepler-142 d,Kepler-142,,5790,0.99,1.27,,,
Kepler-143 b,Kepler-143,,5848,,1.36,,,
Kepler-143 c,Kepler-143,,5848,,1.36,,,
Kepler-144 b,Kepler-144,,6075,1.03,1.24,,,
Kepler-144 c,Kepler-144,,6075,1.03,1.24,,,
Kepler-145 b,Kepler-145,,6022,1.32,1.85,,,
Kepler-145 c,Kepler-145,,6022,1.32,1.85,,,
Kepler-146 b,Kepler-146,,5948,,1.21,,,
Kepler-146 c,Kepler-146,,5948,,1.21,,,
Kepler-147 b,Kepler-147,,6012,1.01,1.47,,,
Kepler-147 c,Kepler-147,,6012,1.01,1.47,,,
Kepler-148 b,Kepler-148,,5272,,0.85,,,
Kepler-148 c,Kepler-148,,5272,,0.85,,,
Kepler-149 b,Kepler-149,,5381,,0.95,,,
Kepler-149 c,Kepler-149,,5381,,0.95,,,
Kepler-149 d,Kepler-149,,5381,,0.95,,,
Kepler-150 b,Kepler-150,,5560,,0.94,,,
Kepler-150 c,Kepler-150,,5560,,0.94,,,
Kepler-150 d,Kepler-150,,5560,,0.94,,,
Kepler-150 e,Kepler-150,,5560,,0.94,,,
Kepler-151 b,Kepler-151,,5460,0.83,0.83,,,
Kepler-151 c,Kepler-151,,5460,0.83,0.83,,,
Kepler-152 b,Kepler-152,,5088,,0.72,,,
Kepler-152 c,Kepler-152,,5088,,0.72,,,
Kepler-153 b,Kepler-153,,5404,,0.89,,,
Kepler-153 c,Kepler-153,,5404,,0.89,,,
Kepler-154 b,Kepler-154,,5690,0.89,1,,,
Kepler-154 c,Kepler-154,,5690,0.89,1,,,
Kepler-155 b,Kepler-155,,4508,0.58,0.62,,,
Kepler-155 c,Kepler-155,,4508,0.58,0.62,,,
Kepler-156 b,Kepler-156,,5094,,0.81,,,
Kepler-156 c,Kepler-156,,5094,,0.81,,,
Kepler-157 b,Kepler-157,,5774,,1.04,,,
Kepler-157 c,Kepler-157,,5774,,1.04,,,
Kepler-158 b,Kepler-158,,4623,,0.62,,,
Kepler-158 c,Kepler-158,,4623,,0.62,,,
Kepler-159 b,Kepler-159,,4625,,0.66,,,
Kepler-159 c,Kepler-159,,4625,,0.66,,,
Kepler-160 b,Kepler-160,,5857,,0.88,,,
Kepler-160 c,Kepler-160,,5857,,0.88,,,
Kepler-161 b,Kepler-161,,5078,0.77,0.81,,,
Kepler-161 c,Kepler-161,,5078,0.77,0.81,,,
Kepler-162 b,Kepler-162,,5816,,0.96,,,
Kepler-162 c,Kepler-162,,5816,,0.96,,,
Kepler-163 b,Kepler-163,,5776,0.96,0.92,,,
Kepler-163 c,Kepler-163,,5776,0.96,0.92,,,
Kepler-164 b,Kepler-164,,5888,1.11,1.15,,,
Kepler-164 c,Kepler-164,,5888,1.11,1.15,,,
Kepler-164 d,Kepler-164,,5888,1.11,1.15,,,
Kepler-165 b,Kepler-165,,5211,,0.77,,,
Kepler-165 c,Kepler-165,,5211,,0.77,,,
Kepler-166 b,Kepler-166,,5413,,0.74,,,
Kepler-166 c,Kepler-166,,5413,,0.74,,,
Kepler-167 b,Kepler-167,,4796,0.76,0.7,,,
Kepler-167 c,Kepler-167,,4796,0.76,0.7,,,
Kepler-168 b,Kepler-168,,6282,,1.11,,,
Kepler-168 c,Kepler-168,,6282,,1.11,,,
Kepler-169 b,Kepler-169,,4997,0.86,0.76,,,
Kepler-169 c,Kepler-169,,4997,0.86,0.76,,,
Kepler-169 d,Kepler-169,,4997,0.86,0.76,,,
Kepler-169 e,Kepler-169,,4997,0.86,0.76,,,
Kepler-169 f,Kepler-169,,4997,0.86,0.76,,,
Kepler-170 b,Kepler-170,,5679,,1.03,,,
Kepler-170 c,Kepler-170,,5679,,1.03,,,
Kepler-171 b,Kepler-171,,5642,,0.84,,,
Kepler-171 c,Kepler-171,,5642,,0.84,,,
Kepler-171 d,Kepler-171,,5642,,0.84,,,
Kepler-172 b,Kepler-172,,5526,0.86,1.08,,,
Kepler-172 c,Kepler-172,,5526,0.86,1.08,,,
Kepler-172 d,Kepler-172,,5526,0.86,1.08,,,
Kepler-172 e,Kepler-172,,5526,0.86,1.08,,,
Kepler-173 b,Kepler-173,,6031,0.78,0.95,,,
Kepler-173 c,Kepler-173,,6031,0.78,0.95,,,
Kepler-174 b,Kepler-174,,4880,,0.62,,,
Kepler-174 c,Kepler-174,,4880,,0.62,,,
Kepler-174 d,Kepler-174,,4880,,0.62,,,
Kepler-175 b,Kepler-175,,6064,1.04,1.01,,,
Kepler-175 c,Kepler-175,,6064,1.04,1.01,,,
Kepler-176 b,Kepler-176,,5232,,0.89,,,
Kepler-176 c,Kepler-176,,5232,,0.89,,,
Kepler-176 d,Kepler-176,,5232,,0.89,,,
Kepler-177 b,Kepler-177,,5942,1.07,1.07,,,
Kepler-177 c,Kepler-177,,5942,1.07,1.07,,,
Kepler-178 b,Kepler-178,,5676,,1.07,,,
Kepler-178 c,Kepler-178,,5676,,1.07,,,
Kepler-178 d,Kepler-178,,5676,,1.07,,,
Kepler-179 b,Kepler-179,,5302,,0.76,,,
Kepler-179 c,Kepler-179,,5302,,0.76,,,
Kepler-180 b,Kepler-180,,5731,0.84,1.06,,,
Kepler-180 c,Kepler-180,,5731,0.84,1.06,,,
Kepler-181 b,Kepler-181,,5333,,0.75,,,
Kepler-181 c,Kepler-181,,5333,,0.75,,,
Kepler-182 b,Kepler-182,,6250,1.14,1.15,,,
Kepler-182 c,Kepler-182,,6250,1.14,1.15,,,
Kepler-183 b,Kepler-183,,5888,,0.96,,,
Kepler-183 c,Kepler-183,,5888,,0.96,,,
Kepler-184 b,Kepler-184,,5788,,0.87,,,
Kepler-184 c,Kepler-184,,5788,,0.87,,,
Kepler-184 d,Kepler-184,,5788,,0.87,,,
Kepler-185 b,Kepler-185,,5208,0.79,0.81,,,
Kepler-185 c,Kepler-185,,5208,0.79,0.81,,,
Kepler-186 b,Kepler-186,172,3755,0.54,0.52,M1,5.29,4
Kepler-186 c,Kepler-186,172,3755,0.54,0.52,M1,5.29,4
Kepler-186 d,Kepler-186,172,3755,0.54,0.52,M1,5.29,4
Kepler-186 e,Kepler-186,172,3755,0.54,0.52,M1,5.29,4
Kepler-186 f,Kepler-186,172,3755,0.54,0.52,M1,5.29,4
Kepler-187 b,Kepler-187,,6105,0.85,1.29,,,
Kepler-187 c,Kepler-187,,6105,0.85,1.29,,,
Kepler-188 b,Kepler-188,,6021,,1.14,,,
Kepler-188 c,Kepler-188,,6021,,1.14,,,
Kepler-189 b,Kepler-189,,5235,0.79,0.75,,,
Kepler-189 c,Kepler-189,,5235,0.79,0.75,,,
Kepler-190 b,Kepler-190,,5106,0.84,0.8,,,
Kepler-190 c,Kepler-190,,5106,0.84,0.8,,,
Kepler-191 b,Kepler-191,,5282,0.85,0.79,,,
Kepler-191 c,Kepler-191,,5282,0.85,0.79,,,
Kepler-192 b,Kepler-192,,5479,,1.01,,,
Kepler-192 c,Kepler-192,,5479,,1.01,,,
Kepler-193 b,Kepler-193,,6335,,1.15,,,
Kepler-193 c,Kepler-193,,6335,,1.15,,,
Kepler-194 b,Kepler-194,,6089,,1.02,,,
Kepler-194 c,Kepler-194,,6089,,1.02,,,
Kepler-194 d,Kepler-194,,6089,,1.02,,,
Kepler-195 b,Kepler-195,,5329,,0.78,,,
Kepler-195 c,Kepler-195,,5329,,0.78,,,
Kepler-196 b,Kepler-196,,5128,,0.78,,,
Kepler-196 c,Kepler-196,,5128,,0.78,,,
Kepler-197 b,Kepler-197,,6004,,1.12,,,
Kepler-197 c,Kepler-197,,6004,,1.12,,,
Kepler-197 d,Kepler-197,,6004,,1.12,,,
Kepler-197 e,Kepler-197,,6004,,1.12,,,
Kepler-198 b,Kepler-198,,5574,0.93,0.94,,,
Kepler-198 c,Kepler-198,,5574,0.93,0.94,,,
Kepler-199 b,Kepler-199,,5644,,0.97,,,
Kepler-199 c,Kepler-199,,5644,,0.97,,,
Kepler-200 b,Kepler-200,,5678,,0.94,,,
Kepler-200 c,Kepler-200,,5678,,0.94,,,
Kepler-201 b,Kepler-201,,6065,1.17,1.23,,,
Kepler-201 c,Kepler-201,,6065,1.17,1.23,,,
Kepler-202 b,Kepler-202,,4668,,0.67,,,
Kepler-202 c,Kepler-202,,4668,,0.67,,,
Kepler-203 b,Kepler-203,,5821,0.98,1.11,,,
Kepler-203 c,Kepler-203,,5821,0.98,1.11,,,
Kepler-203 d,Kepler-203,,5821,0.98,1.11,,,
Kepler-204 b,Kepler-204,,5812,0.96,1.24,,,
Kepler-204 c,Kepler-204,,5812,0.96,1.24,,,
Kepler-205 b,Kepler-205,,4321,,0.55,,,
Kepler-205 c,Kepler-205,,4321,,0.55,,,
Kepler-206 b,Kepler-206,,5764,0.94,1.19,,,
Kepler-206 c,Kepler-206,,5764,0.94,1.19,,,
Kepler-206 d,Kepler-206,,5764,0.94,1.19,,,
Kepler-207 b,Kepler-207,,5920,,1.59,,,
Kepler-207 c,Kepler-207,,5920,,1.59,,,
Kepler-207 d,Kepler-207,,5920,,1.59,,,
Kepler-208 b,Kepler-208,,6092,1.03,1.31,,,
Kepler-208 c,Kepler-208,,6092,1.03,1.31,,,
Kepler-208 d,Kepler-208,,6092,1.03,1.31,,,
Kepler-208 e,Kepler-208,,6092,1.03,1.31,,,
Kepler-209 b,Kepler-209,,5513,,0.94,,,
Kepler-209 c,Kepler-209,,5513,,0.94,,,
Kepler-210 b,Kepler-210,,4559,,0.65,,,
Kepler-210 c,Kepler-210,,4559,,0.65,,,
Kepler-211 b,Kepler-211,,5123,0.97,0.82,,,
Kepler-211 c,Kepler-211,,5123,0.97,0.82,,,
Kepler-212 b,Kepler-212,,5852,1.16,1.46,,,
Kepler-212 c,Kepler-212,,5852,1.16,1.46,,,
Kepler-213 b,Kepler-213,,5696,0.94,1.2,,,
Kepler-213 c,Kepler-213,,5696,0.94,1.2,,,
Kepler-214 b,Kepler-214,,6169,,1.35,,,
Kepler-214 c,Kepler-214,,6169,,1.35,,,
Kepler-215 b,Kepler-215,,5739,0.77,1.03,,,
Kepler-215 c,Kepler-215,,5739,0.77,1.03,,,
Kepler-215 d,Kepler-215,,5739,0.77,1.03,,,
Kepler-215 e,Kepler-215,,5739,0.77,1.03,,,
Kepler-216 b,Kepler-216,,6091,,1.26,,,
Kepler-216 c,Kepler-216,,6091,,1.26,,,
Kepler-217 b,Kepler-217,,6171,,1.8,,,
Kepler-217 c,Kepler-217,,6171,,1.8,,,
Kepler-218 b,Kepler-218,,5502,,1.06,,,
Kepler-218 c,Kepler-218,,5502,,1.06,,,
Kepler-219 b,Kepler-219,,5786,,1.49,,,
Kepler-219 c,Kepler-219,,5786,,1.49,,,
Kepler-219 d,Kepler-219,,5786,,1.49,,,
Kepler-220 b,Kepler-220,,4632,,0.67,,,
Kepler-220 c,Kepler-220,,4632,,0.67,,,
Kepler-220 d,Kepler-220,,4632,,0.67,,,
Kepler-220 e,Kepler-220,,4632,,0.67,,,
Kepler-221 b,Kepler-221,,5243,0.72,0.82,,,
Kepler-221 c,Kepler-221,,5243,0.72,0.82,,,
Kepler-221 d,Kepler-221,,5243,0.72,0.82,,,
Kepler-221 e,Kepler-221,,5243,0.72,0.82,,,
Kepler-222 b,Kepler-222,,5433,,0.87,,,
Kepler-222 c,Kepler-222,,5433,,0.87,,,
Kepler-222 d,Kepler-222,,5433,,0.87,,,
Kepler-223 b,Kepler-223,,5829,,1.02,,,
Kepler-223 c,Kepler-223,,5829,,1.02,,,
Kepler-223 d,Kepler-223,,5829,,1.02,,,
Kepler-223 e,Kepler-223,,5829,,1.02,,,
Kepler-224 b,Kepler-224,,5018,0.74,0.68,,,
Kepler-224 c,Kepler-224,,5018,0.74,0.68,,,
Kepler-224 d,Kepler-224,,5018,0.74,0.68,,,
Kepler-224 e,Kepler-224,,5018,0.74,0.68,,,
Kepler-225 b,Kepler-225,,3682,,0.48,,,
Kepler-225 c,Kepler-225,,3682,,0.48,,,
Kepler-226 b,Kepler-226,,5571,0.86,0.8,,,
Kepler-226 c,Kepler-226,,5571,0.86,0.8,,,
Kepler-226 d,Kepler-226,,5571,0.86,0.8,,,
Kepler-227 b,Kepler-227,,5854,,1.09,,,
Kepler-227 c,Kepler-227,,5854,,1.09,,,
Kepler-228 b,Kepler-228,,6043,,1.01,,,
Kepler-228 c,Kepler-228,,6043,,1.01,,,
Kepler-228 d,Kepler-228,,6043,,1.01,,,
Kepler-229 b,Kepler-229,,5120,,0.73,,,
Kepler-229 c,Kepler-229,,5120,,0.73,,,
Kepler-229 d,Kepler-229,,5120,,0.73,,,
Kepler-230 b,Kepler-230,,5588,,0.82,,,
Kepler-230 c,Kepler-230,,5588,,0.82,,,
Kepler-231 b,Kepler-231,,3767,0.58,0.49,,,
Kepler-231 c,Kepler-231,,3767,0.58,0.49,,,
Kepler-232 b,Kepler-232,,5847,,0.97,,,
Kepler-232 c,Kepler-232,,5847,,0.97,,,
Kepler-233 b,Kepler-233,,5360,,0.76,,,
Kepler-233 c,Kepler-233,,5360,,0.76,,,
Kepler-234 b,Kepler-234,,6224,,1.11,,,
Kepler-234 c,Kepler-234,,6224,,1.11,,,
Kepler-235 b,Kepler-235,,4255,0.59,0.55,,,
Kepler-235 c,Kepler-235,,4255,0.59,0.55,,,
Kepler-235 d,Kepler-235,,4255,0.59,0.55,,,
Kepler-235 e,Kepler-235,,4255,0.59,0.55,,,
Kepler-236 b,Kepler-236,,3750,0.56,0.51,,,
Kepler-236 c,Kepler-236,,3750,0.56,0.51,,,
Kepler-237 b,Kepler-237,,4861,0.7,0.72,,,
Kepler-237 c,Kepler-237,,4861,0.7,0.72,,,
Kepler-238 b,Kepler-238,,5751,1.06,1.43,,,
Kepler-238 c,Kepler-238,,5751,1.06,1.43,,,
Kepler-238 d,Kepler-238,,5751,1.06,1.43,,,
Kepler-238 e,Kepler-238,,5751,1.06,1.43,,,
Kepler-238 f,Kepler-238,,5751,1.06,1.43,,,
Kepler-239 b,Kepler-239,,4914,0.74,0.76,,,
Kepler-239 c,Kepler-239,,4914,0.74,0.76,,,
Kepler-240 b,Kepler-240,,4985,,0.74,,,
Kepler-240 c,Kepler-240,,4985,,0.74,,,
Kepler-241 b,Kepler-241,,4699,,0.67,,,
Kepler-241 c,Kepler-241,,4699,,0.67,,,
Kepler-242 b,Kepler-242,,5020,,0.85,,,
Kepler-242 c,Kepler-242,,5020,,0.85,,,
Kepler-243 b,Kepler-243,,5228,0.89,0.84,,,
Kepler-243 c,Kepler-243,,5228,0.89,0.84,,,
Kepler-244 b,Kepler-244,,5554,,0.8,,,
Kepler-244 c,Kepler-244,,5554,,0.8,,,
Kepler-244 d,Kepler-244,,5554,,0.8,,,
Kepler-245 b,Kepler-245,,5100,0.8,0.8,,,
Kepler-245 c,Kepler-245,,5100,0.8,0.8,,,
Kepler-245 d,Kepler-245,,5100,0.8,0.8,,,
Kepler-246 b,Kepler-246,,5206,0.86,0.83,,,
Kepler-246 c,Kepler-246,,5206,0.86,0.83,,,
Kepler-247 b,Kepler-247,,5100,,0.77,,,
Kepler-247 c,Kepler-247,,5100,,0.77,,,
Kepler-247 d,Kepler-247,,5100,,0.77,,,
Kepler-248 b,Kepler-248,,5190,,0.83,,,
Kepler-248 c,Kepler-248,,5190,,0.83,,,
Kepler-249 b,Kepler-249,,3568,,0.48,,,
Kepler-249 c,Kepler-249,,3568,,0.48,,,
Kepler-249 d,Kepler-249,,3568,,0.48,,,
Kepler-250 b,Kepler-250,,5160,0.8,0.81,,,
Kepler-250 c,Kepler-250,,5160,0.8,0.81,,,
Kepler-250 d,Kepler-250,,5160,0.8,0.81,,,
Kepler-251 b,Kepler-251,,5526,0.91,0.89,,,
Kepler-251 c,Kepler-251,,5526,0.91,0.89,,,
Kepler-251 d,Kepler-251,,5526,0.91,0.89,,,
Kepler-251 e,Kepler-251,,5526,0.91,0.89,,,
Kepler-252 b,Kepler-252,,4208,0.52,0.55,,,
Kepler-252 c,Kepler-252,,4208,0.52,0.55,,,
Kepler-253 b,Kepler-253,,5208,,0.79,,,
Kepler-253 c,Kepler-253,,5208,,0.79,,,
Kepler-253 d,Kepler-253,,5208,,0.79,,,
Kepler-254 b,Kepler-254,,5957,,0.91,,,
Kepler-254 c,Kepler-254,,5957,,0.91,,,
Kepler-254 d,Kepler-254,,5957,,0.91,,,
Kepler-255 b,Kepler-255,,5573,0.97,0.93,,,
Kepler-255 c,Kepler-255,,5573,0.97,0.93,,,
Kepler-256 b,Kepler-256,,5551,1.02,1.3,,,
Kepler-256 c,Kepler-256,,5551,1.02,1.3,,,
Kepler-256 d,Kepler-256,,5551,1.02,1.3,,,
Kepler-256 e,Kepler-256,,5551,1.02,1.3,,,
Kepler-257 b,Kepler-257,,5180,,1.04,,,
Kepler-257 c,Kepler-257,,5180,,1.04,,,
Kepler-257 d,Kepler-257,,5180,,1.04,,,
Kepler-258 b,Kepler-258,,4942,0.8,0.92,,,
Kepler-258 c,Kepler-258,,4942,0.8,0.92,,,
Kepler-259 b,Kepler-259,,5938,,0.9,,,
Kepler-259 c,Kepler-259,,5938,,0.9,,,
Kepler-260 b,Kepler-260,,5250,0.88,0.86,,,
Kepler-260 c,Kepler-260,,5250,0.88,0.86,,,
Kepler-261 b,Kepler-261,,5098,0.87,0.79,,,
Kepler-261 c,Kepler-261,,5098,0.87,0.79,,,
Kepler-262 b,Kepler-262,,5841,,0.88,,,
Kepler-262 c,Kepler-262,,5841,,0.88,,,
Kepler-263 b,Kepler-263,,5265,,0.79,,,
Kepler-263 c,Kepler-263,,5265,,0.79,,,
Kepler-264 b,Kepler-264,,6158,1.32,1.55,,,
Kepler-264 c,Kepler-264,,6158,1.32,1.55,,,
Kepler-265 b,Kepler-265,,5835,1.03,1.1,,,
Kepler-265 c,Kepler-265,,5835,1.03,1.1,,,
Kepler-265 d,Kepler-265,,5835,1.03,1.1,,,
Kepler-265 e,Kepler-265,,5835,1.03,1.1,,,
Kepler-266 b,Kepler-266,,5885,0.99,1.03,,,
Kepler-266 c,Kepler-266,,5885,0.99,1.03,,,
Kepler-267 b,Kepler-267,,4258,0.56,0.56,,,
Kepler-267 c,Kepler-267,,4258,0.56,0.56,,,
Kepler-267 d,Kepler-267,,4258,0.56,0.56,,,
Kepler-268 b,Kepler-268,,6081,,1.27,,,
Kepler-268 c,Kepler-268,,6081,,1.27,,,
Kepler-269 b,Kepler-269,,5847,0.98,0.96,,,
Kepler-269 c,Kepler-269,,5847,0.98,0.96,,,
Kepler-270 b,Kepler-270,,6067,,1.46,,,
Kepler-270 c,Kepler-270,,6067,,1.46,,,
Kepler-271 b,Kepler-271,,5524,,0.88,,,
Kepler-271 c,Kepler-271,,5524,,0.88,,,
Kepler-272 b,Kepler-272,,5297,0.79,0.93,,,
Kepler-272 c,Kepler-272,,5297,0.79,0.93,,,
Kepler-272 d,Kepler-272,,5297,0.79,0.93,,,
Kepler-273 b,Kepler-273,,5626,,0.81,,,
Kepler-273 c,Kepler-273,,5626,,0.81,,,
Kepler-274 b,Kepler-274,,6023,,1.01,,,
Kepler-274 c,Kepler-274,,6023,,1.01,,,
Kepler-275 b,Kepler-275,,6165,1.24,1.38,,,
Kepler-275 c,Kepler-275,,6165,1.24,1.38,,,
Kepler-275 d,Kepler-275,,6165,1.24,1.38,,,
Kepler-276 b,Kepler-276,,6105,1.1,1.05,,,
Kepler-276 c,Kepler-276,,6105,1.1,1.05,,,
Kepler-276 d,Kepler-276,,6105,1.1,1.05,,,
Kepler-277 b,Kepler-277,,5946,1.12,1.69,,,
Kepler-277 c,Kepler-277,,5946,1.12,1.69,,,
Kepler-278 b,Kepler-278,,4991,,2.94,,,
Kepler-278 c,Kepler-278,,4991,,2.94,,,
Kepler-279 b,Kepler-279,,6363,1.1,1.75,,,
Kepler-279 c,Kepler-279,,6363,1.1,1.75,,,
Kepler-279 d,Kepler-279,,6363,1.1,1.75,,,
Kepler-280 b,Kepler-280,,5744,0.91,0.89,,,
Kepler-280 c,Kepler-280,,5744,0.91,0.89,,,
Kepler-281 b,Kepler-281,,5723,0.98,0.9,,,
Kepler-281 c,Kepler-281,,5723,0.98,0.9,,,
Kepler-282 b,Kepler-282,,5602,0.97,0.9,,,
Kepler-282 c,Kepler-282,,5602,0.97,0.9,,,
Kepler-282 d,Kepler-282,,5602,0.97,0.9,,,
Kepler-282 e,Kepler-282,,5602,0.97,0.9,,,
Kepler-283 b,Kepler-283,,4351,,0.57,,,
Kepler-283 c,Kepler-283,,4351,,0.57,,,
Kepler-284 b,Kepler-284,,5615,,0.81,,,
Kepler-284 c,Kepler-284,,5615,,0.81,,,
Kepler-285 b,Kepler-285,,5411,0.85,0.81,,,
Kepler-285 c,Kepler-285,,5411,0.85,0.81,,,
Kepler-286 b,Kepler-286,,5580,,0.86,,,
Kepler-286 c,Kepler-286,,5580,,0.86,,,
Kepler-286 d,Kepler-286,,5580,,0.86,,,
Kepler-286 e,Kepler-286,,5580,,0.86,,,
Kepler-287 b,Kepler-287,,5806,,1.03,,,
Kepler-287 c,Kepler-287,,5806,,1.03,,,
Kepler-288 b,Kepler-288,,5918,0.89,1.09,,,
Kepler-288 c,Kepler-288,,5918,0.89,1.09,,,
Kepler-288 d,Kepler-288,,5918,0.89,1.09,,,
Kepler-289 b,Kepler-289,700,5990,1.08,1,,1.58,0.65
Kepler-289 c,Kepler-289,700,5990,1.08,1,,1.58,0.65
Kepler-289 d,Kepler-289,700,5990,1.08,1,,1.58,0.65
Kepler-290 b,Kepler-290,,5147,,0.74,,,
Kepler-290 c,Kepler-290,,5147,,0.74,,,
Kepler-291 b,Kepler-291,,6002,1.03,1.02,,,
Kepler-291 c,Kepler-291,,6002,1.03,1.02,,,
Kepler-292 b,Kepler-292,,5299,0.88,0.83,,,
Kepler-292 c,Kepler-292,,5299,0.88,0.83,,,
Kepler-292 d,Kepler-292,,5299,0.88,0.83,,,
Kepler-292 e,Kepler-292,,5299,0.88,0.83,,,
Kepler-292 f,Kepler-292,,5299,0.88,0.83,,,
Kepler-293 b,Kepler-293,,5804,1.01,0.96,,,
Kepler-293 c,Kepler-293,,5804,1.01,0.96,,,
Kepler-294 b,Kepler-294,,5913,,0.98,,,
Kepler-294 c,Kepler-294,,5913,,0.98,,,
Kepler-295 b,Kepler-295,,5603,,0.9,,,
Kepler-295 c,Kepler-295,,5603,,0.9,,,
Kepler-295 d,Kepler-295,,5603,,0.9,,,
Kepler-296 b,Kepler-296,226,3572,0.45,0.43,,7.94,4.2
Kepler-296 c,Kepler-296,226,3572,0.45,0.43,,7.94,4.2
Kepler-296 d,Kepler-296,226,3572,0.45,0.43,,7.94,4.2
Kepler-296 e,Kepler-296,226,3572,0.45,0.43,,7.94,4.2
Kepler-296 f,Kepler-296,226,3572,0.45,0.43,,7.94,4.2
Kepler-297 b,Kepler-297,,5619,,0.92,,,
Kepler-297 c,Kepler-297,,5619,,0.92,,,
Kepler-298 b,Kepler-298,,4465,0.65,0.58,,,
Kepler-298 c,Kepler-298,,4465,0.65,0.58,,,
Kepler-298 d,Kepler-298,,4465,0.65,0.58,,,
Kepler-299 b,Kepler-299,,5617,0.97,1.03,,,
Kepler-299 c,Kepler-299,,5617,0.97,1.03,,,
Kepler-299 d,Kepler-299,,5617,0.97,1.03,,,
Kepler-299 e,Kepler-299,,5617,0.97,1.03,,,
Kepler-300 b,Kepler-300,,5986,0.94,0.9,,,
Kepler-300 c,Kepler-300,,5986,0.94,0.9,,,
Kepler-301 b,Kepler-301,,5815,0.91,0.9,,,
Kepler-301 c,Kepler-301,,5815,0.91,0.9,,,
Kepler-301 d,Kepler-301,,5815,0.91,0.9,,,
Kepler-302 b,Kepler-302,,5740,,1.22,,,
Kepler-302 c,Kepler-302,,5740,,1.22,,,
Kepler-303 b,Kepler-303,,3944,0.59,0.48,,,
Kepler-303 c,Kepler-303,,3944,0.59,0.48,,,
Kepler-304 b,Kepler-304,,4731,0.8,0.69,,,
Kepler-304 c,Kepler-304,,4731,0.8,0.69,,,
Kepler-304 d,Kepler-304,,4731,0.8,0.69,,,
Kepler-305 b,Kepler-305,,5100,0.76,0.79,,,
Kepler-305 c,Kepler-305,,5100,0.76,0.79,,,
Kepler-305 d,Kepler-305,,5100,0.76,0.79,,,
Kepler-306 b,Kepler-306,,4954,0.82,0.72,,,
Kepler-306 c,Kepler-306,,4954,0.82,0.72,,,
Kepler-306 d,Kepler-306,,4954,0.82,0.72,,,
Kepler-306 e,Kepler-306,,4954,0.82,0.72,,,
Kepler-307 b,Kepler-307,,5445,0.98,1.08,,,
Kepler-307 c,Kepler-307,,5445,0.98,1.08,,,
Kepler-308 b,Kepler-308,,5895,,0.94,,,
Kepler-308 c,Kepler-308,,5895,,0.94,,,
Kepler-309 b,Kepler-309,,4713,,0.72,,,
Kepler-309 c,Kepler-309,,4713,,0.72,,,
Kepler-310 b,Kepler-310,,5797,0.85,0.88,,,
Kepler-310 c,Kepler-310,,5797,0.85,0.88,,,
Kepler-310 d,Kepler-310,,5797,0.85,0.88,,,
Kepler-311 b,Kepler-311,,5905,1.06,1.19,,,
Kepler-311 c,Kepler-311,,5905,1.06,1.19,,,
Kepler-312 b,Kepler-312,,6115,1.23,1.47,,,
Kepler-312 c,Kepler-312,,6115,1.23,1.47,,,
Kepler-313 b,Kepler-313,,5727,0.9,1.54,,,
Kepler-313 c,Kepler-313,,5727,0.9,1.54,,,
Kepler-314 b,Kepler-314,,5378,1.02,0.95,,,
Kepler-314 c,Kepler-314,,5378,1.02,0.95,,,
Kepler-315 b,Kepler-315,,5796,0.78,1.04,,,
Kepler-315 c,Kepler-315,,5796,0.78,1.04,,,
Kepler-316 b,Kepler-316,,4204,0.53,0.52,,,
Kepler-316 c,Kepler-316,,4204,0.53,0.52,,,
Kepler-317 b,Kepler-317,,5497,0.95,0.94,,,
Kepler-317 c,Kepler-317,,5497,0.95,0.94,,,
Kepler-318 b,Kepler-318,,5746,1.05,1.19,,,
Kepler-318 c,Kepler-318,,5746,1.05,1.19,,,
Kepler-319 b,Kepler-319,,5526,1.29,0.9,,,
Kepler-319 c,Kepler-319,,5526,1.29,0.9,,,
Kepler-319 d,Kepler-319,,5526,1.29,0.9,,,
Kepler-320 b,Kepler-320,,6435,,1.11,,,
Kepler-320 c,Kepler-320,,6435,,1.11,,,
Kepler-321 b,Kepler-321,,5740,1.01,1.19,,,
Kepler-321 c,Kepler-321,,5740,1.01,1.19,,,
Kepler-322 b,Kepler-322,,5388,0.91,0.89,,,
Kepler-322 c,Kepler-322,,5388,0.91,0.89,,,
Kepler-323 b,Kepler-323,,5987,1.09,1.18,,,
Kepler-323 c,Kepler-323,,5987,1.09,1.18,,,
Kepler-324 b,Kepler-324,,5194,0.86,0.84,,,
Kepler-324 c,Kepler-324,,5194,0.86,0.84,,,
Kepler-325 b,Kepler-325,,5752,0.87,1,,,
Kepler-325 c,Kepler-325,,5752,0.87,1,,,
Kepler-325 d,Kepler-325,,5752,0.87,1,,,
Kepler-326 b,Kepler-326,,5105,0.98,0.8,,,
Kepler-326 c,Kepler-326,,5105,0.98,0.8,,,
Kepler-326 d,Kepler-326,,5105,0.98,0.8,,,
Kepler-327 b,Kepler-327,,3799,0.55,0.49,,,
Kepler-327 c,Kepler-327,,3799,0.55,0.49,,,
Kepler-327 d,Kepler-327,,3799,0.55,0.49,,,
Kepler-328 b,Kepler-328,,5914,1.15,1.06,,,
Kepler-328 c,Kepler-328,,5914,1.15,1.06,,,
Kepler-329 b,Kepler-329,,4257,0.53,0.52,,,
Kepler-329 c,Kepler-329,,4257,0.53,0.52,,,
Kepler-330 b,Kepler-330,,5117,0.78,0.72,,,
Kepler-330 c,Kepler-330,,5117,0.78,0.72,,,
Kepler-331 b,Kepler-331,,4347,0.51,0.49,,,
Kepler-331 c,Kepler-331,,4347,0.51,0.49,,,
Kepler-331 d,Kepler-331,,4347,0.51,0.49,,,
Kepler-332 b,Kepler-332,,4955,0.8,0.72,,,
Kepler-332 c,Kepler-332,,4955,0.8,0.72,,,
Kepler-332 d,Kepler-332,,4955,0.8,0.72,,,
Kepler-333 b,Kepler-333,,4259,0.54,0.53,,,
Kepler-333 c,Kepler-333,,4259,0.54,0.53,,,
Kepler-334 b,Kepler-334,,5828,1,1.07,,,
Kepler-334 c,Kepler-334,,5828,1,1.07,,,
Kepler-334 d,Kepler-334,,5828,1,1.07,,,
Kepler-335 b,Kepler-335,,5877,0.99,1.85,,,
Kepler-335 c,Kepler-335,,5877,0.99,1.85,,,
Kepler-336 b,Kepler-336,,5867,0.89,1.3,,,
Kepler-336 c,Kepler-336,,5867,0.89,1.3,,,
Kepler-336 d,Kepler-336,,5867,0.89,1.3,,,
Kepler-337 b,Kepler-337,,5684,0.96,1.76,,,
Kepler-337 c,Kepler-337,,5684,0.96,1.76,,,
Kepler-338 b,Kepler-338,,5923,1.1,1.74,,,
Kepler-338 c,Kepler-338,,5923,1.1,1.74,,,
Kepler-338 d,Kepler-338,,5923,1.1,1.74,,,
Kepler-338 e,Kepler-338,,5923,1.1,1.74,,,
Kepler-339 b,Kepler-339,,5631,0.84,0.8,,,
Kepler-339 c,Kepler-339,,5631,0.84,0.8,,,
Kepler-339 d,Kepler-339,,5631,0.84,0.8,,,
Kepler-340 b,Kepler-340,,6620,2.11,1.85,,,
Kepler-340 c,Kepler-340,,6620,2.11,1.85,,,
Kepler-341 b,Kepler-341,,6012,0.94,1.02,,,
Kepler-341 c,Kepler-341,,6012,0.94,1.02,,,
Kepler-341 d,Kepler-341,,6012,0.94,1.02,,,
Kepler-341 e,Kepler-341,,6012,0.94,1.02,,,
Kepler-342 b,Kepler-342,,6175,1.13,1.47,,,
Kepler-342 c,Kepler-342,,6175,1.13,1.47,,,
Kepler-342 d,Kepler-342,,6175,1.13,1.47,,,
Kepler-343 b,Kepler-343,,5807,1.04,1.43,,,
Kepler-343 c,Kepler-343,,5807,1.04,1.43,,,
Kepler-344 b,Kepler-344,,5774,0.9,0.98,,,
Kepler-344 c,Kepler-344,,5774,0.9,0.98,,,
Kepler-345 b,Kepler-345,,4504,0.59,0.62,,,
Kepler-345 c,Kepler-345,,4504,0.59,0.62,,,
Kepler-346 b,Kepler-346,,6033,0.97,1.02,,,
Kepler-346 c,Kepler-346,,6033,0.97,1.02,,,
Kepler-347 b,Kepler-347,,6088,1.04,1,,,
Kepler-347 c,Kepler-347,,6088,1.04,1,,,
Kepler-348 b,Kepler-348,,6177,1.15,1.36,,,
Kepler-348 c,Kepler-348,,6177,1.15,1.36,,,
Kepler-349 b,Kepler-349,,5956,0.97,0.93,,,
Kepler-349 c,Kepler-349,,5956,0.97,0.93,,,
Kepler-350 b,Kepler-350,,6186,1,1.53,,,
Kepler-350 c,Kepler-350,,6186,1,1.53,,,
Kepler-350 d,Kepler-350,,6186,1,1.53,,,
Kepler-351 b,Kepler-351,,5643,0.89,0.85,,,
Kepler-351 c,Kepler-351,,5643,0.89,0.85,,,
Kepler-352 b,Kepler-352,,5212,0.79,0.78,,,
Kepler-352 c,Kepler-352,,5212,0.79,0.78,,,
Kepler-353 b,Kepler-353,,3903,0.54,0.5,,,
Kepler-353 c,Kepler-353,,3903,0.54,0.5,,,
Kepler-354 b,Kepler-354,,4648,0.65,0.67,,,
Kepler-354 c,Kepler-354,,4648,0.65,0.67,,,
Kepler-354 d,Kepler-354,,4648,0.65,0.67,,,
Kepler-355 b,Kepler-355,,6184,1.05,1.07,,,
Kepler-355 c,Kepler-355,,6184,1.05,1.07,,,
Kepler-356 b,Kepler-356,,6133,0.97,1.33,,,
Kepler-356 c,Kepler-356,,6133,0.97,1.33,,,
Kepler-357 b,Kepler-357,,5036,0.78,0.83,,,
Kepler-357 c,Kepler-357,,5036,0.78,0.83,,,
Kepler-357 d,Kepler-357,,5036,0.78,0.83,,,
Kepler-358 b,Kepler-358,,5908,0.95,0.95,,,
Kepler-358 c,Kepler-358,,5908,0.95,0.95,,,
Kepler-359 b,Kepler-359,,6248,1.07,1.09,,,
Kepler-359 c,Kepler-359,,6248,1.07,1.09,,,
Kepler-359 d,Kepler-359,,6248,1.07,1.09,,,
Kepler-360 b,Kepler-360,,6053,0.95,1.06,,,
Kepler-360 c,Kepler-360,,6053,0.95,1.06,,,
Kepler-361 b,Kepler-361,,6169,1.07,1.34,,,
Kepler-361 c,Kepler-361,,6169,1.07,1.34,,,
Kepler-362 b,Kepler-362,,5788,0.77,0.72,,,
Kepler-362 c,Kepler-362,,5788,0.77,0.72,,,
Kepler-363 b,Kepler-363,,5593,1.23,1.49,,,
Kepler-363 c,Kepler-363,,5593,1.23,1.49,,,
Kepler-363 d,Kepler-363,,5593,1.23,1.49,,,
Kepler-364 b,Kepler-364,,6108,1.2,1.28,,,
Kepler-364 c,Kepler-364,,6108,1.2,1.28,,,
Kepler-365 b,Kepler-365,,6012,0.99,1.05,,,
Kepler-365 c,Kepler-365,,6012,0.99,1.05,,,
Kepler-366 b,Kepler-366,,6209,1.05,1.05,,,
Kepler-366 c,Kepler-366,,6209,1.05,1.05,,,
Kepler-367 b,Kepler-367,,4710,0.75,0.69,,,
Kepler-367 c,Kepler-367,,4710,0.75,0.69,,,
Kepler-368 b,Kepler-368,,5502,0.71,2.02,,,
Kepler-368 c,Kepler-368,,5502,0.71,2.02,,,
Kepler-369 b,Kepler-369,,3591,0.54,0.47,,,
Kepler-369 c,Kepler-369,,3591,0.54,0.47,,,
Kepler-370 b,Kepler-370,,5852,0.94,0.9,,,
Kepler-370 c,Kepler-370,,5852,0.94,0.9,,,
Kepler-371 b,Kepler-371,,5666,0.94,0.99,,,
Kepler-371 c,Kepler-371,,5666,0.94,0.99,,,
Kepler-372 b,Kepler-372,,6509,1.15,1.14,,,
Kepler-372 c,Kepler-372,,6509,1.15,1.14,,,
Kepler-372 d,Kepler-372,,6509,1.15,1.14,,,
Kepler-373 b,Kepler-373,,5787,0.87,0.84,,,
Kepler-373 c,Kepler-373,,5787,0.87,0.84,,,
Kepler-374 b,Kepler-374,,5977,0.84,0.91,,,
Kepler-374 c,Kepler-374,,5977,0.84,0.91,,,
Kepler-374 d,Kepler-374,,5977,0.84,0.91,,,
Kepler-375 b,Kepler-375,,5826,0.89,0.84,,,
Kepler-375 c,Kepler-375,,5826,0.89,0.84,,,
Kepler-376 b,Kepler-376,,5900,1.05,1.18,,,
Kepler-376 c,Kepler-376,,5900,1.05,1.18,,,
Kepler-377 b,Kepler-377,,5949,0.88,1.22,,,
Kepler-377 c,Kepler-377,,5949,0.88,1.22,,,
Kepler-378 b,Kepler-378,,4661,0.96,0.67,,,
Kepler-378 c,Kepler-378,,4661,0.96,0.67,,,
Kepler-379 b,Kepler-379,,6054,1.08,1.31,,,
Kepler-379 c,Kepler-379,,6054,1.08,1.31,,,
Kepler-380 b,Kepler-380,,6045,1.05,1.22,,,
Kepler-380 c,Kepler-380,,6045,1.05,1.22,,,
Kepler-381 b,Kepler-381,,6152,1.34,1.57,,,
Kepler-381 c,Kepler-381,,6152,1.34,1.57,,,
Kepler-382 b,Kepler-382,,5600,0.8,0.94,,,
Kepler-382 c,Kepler-382,,5600,0.8,0.94,,,
Kepler-383 b,Kepler-383,,4710,0.67,0.67,,,
Kepler-383 c,Kepler-383,,4710,0.67,0.67,,,
Kepler-384 b,Kepler-384,,5577,0.76,0.88,,,
Kepler-384 c,Kepler-384,,5577,0.76,0.88,,,
Kepler-385 b,Kepler-385,,6326,1.09,1.13,,,
Kepler-385 c,Kepler-385,,6326,1.09,1.13,,,
Kepler-386 b,Kepler-386,,5178,0.74,0.77,,,
Kepler-386 c,Kepler-386,,5178,0.74,0.77,,,
Kepler-387 b,Kepler-387,,5774,1.03,1.05,,,
Kepler-387 c,Kepler-387,,5774,1.03,1.05,,,
Kepler-388 b,Kepler-388,,4498,0.59,0.59,,,
Kepler-388 c,Kepler-388,,4498,0.59,0.59,,,
Kepler-389 b,Kepler-389,,5376,0.78,0.79,,,
Kepler-389 c,Kepler-389,,5376,0.78,0.79,,,
Kepler-390 b,Kepler-390,,5166,0.67,0.78,,,
Kepler-390 c,Kepler-390,,5166,0.67,0.78,,,
Kepler-391 b,Kepler-391,,4940,1.22,3.57,,,
Kepler-391 c,Kepler-391,,4940,1.22,3.57,,,
Kepler-392 b,Kepler-392,,5938,1.13,1.13,,,
Kepler-392 c,Kepler-392,,5938,1.13,1.13,,,
Kepler-393 b,Kepler-393,,6189,1.32,1.38,,,
Kepler-393 c,Kepler-393,,6189,1.32,1.38,,,
Kepler-394 b,Kepler-394,,6402,1.11,1.13,,,
Kepler-394 c,Kepler-394,,6402,1.11,1.13,,,
Kepler-395 b,Kepler-395,,4262,0.53,0.56,,,
Kepler-395 c,Kepler-395,,4262,0.53,0.56,,,
Kepler-396 b,Kepler-396,,5384,0.85,1.06,,,
Kepler-396 c,Kepler-396,,5384,0.85,1.06,,,
Kepler-397 b,Kepler-397,,5307,,0.77,,,
Kepler-397 c,Kepler-397,,5307,,0.77,,,
Kepler-398 b,Kepler-398,,4493,,0.61,,,
Kepler-398 c,Kepler-398,,4493,,0.61,,,
Kepler-399 b,Kepler-399,,5502,,0.68,,,
Kepler-399 c,Kepler-399,,5502,,0.68,,,
Kepler-399 d,Kepler-399,,5502,,0.68,,,
Kepler-400 b,Kepler-400,,5886,,1.15,,,
Kepler-400 c,Kepler-400,,5886,,1.15,,,
Kepler-401 b,Kepler-401,,6117,,1.33,,,
Kepler-401 c,Kepler-401,,6117,,1.33,,,
Kepler-402 b,Kepler-402,,6090,,1.26,,,
Kepler-402 c,Kepler-402,,6090,,1.26,,,
Kepler-402 d,Kepler-402,,6090,,1.26,,,
Kepler-402 e,Kepler-402,,6090,,1.26,,,
Kepler-403 b,Kepler-403,,6090,,1.33,,,
Kepler-403 c,Kepler-403,,6090,,1.33,,,
Kepler-404 b,Kepler-404,,5654,,0.88,,,
Kepler-404 c,Kepler-404,,5654,,0.88,,,
Kepler-405 b,Kepler-405,,5818,,0.89,,,
Kepler-405 c,Kepler-405,,5818,,0.89,,,
Kepler-406 b,Kepler-406,,5538,1.07,1.07,,1.12,5.84
Kepler-406 c,Kepler-406,,5538,1.07,1.07,,1.12,5.84
Kepler-407 b,Kepler-407,,5476,1,1.01,,1.38,7.47
Kepler-407 c,Kepler-407,,5476,1,1.01,,1.38,7.47
Kepler-408 b,Kepler-408,,6104,1.08,1.23,,0.82,6.68
Kepler-409 b,Kepler-409,,5460,0.92,0.89,,1.81,6.8
Kepler-410 A b,Kepler-410 A,132,6273,1.21,1.35,,0.693,2.76
Kepler-411 b,Kepler-411,,4974,0.83,0.79,,2.33,
Kepler-412 b,Kepler-412,1056,5750,1.17,1.29,G3 V,0.771,5.1
Kepler-413 b,KOI-7522,,4700,0.82,0.78,,1.755,
Kepler-414 b,Kepler-414,,,0.89,0.95,,,
Kepler-414 c,Kepler-414,,,0.89,0.95,,,
Kepler-415 b,Kepler-415,,,0.67,0.64,,,
Kepler-415 c,Kepler-415,,,0.67,0.64,,,
Kepler-416 b,Kepler-416,,,1,1.07,,,
Kepler-416 c,Kepler-416,,,1,1.07,,,
Kepler-417 b,Kepler-417,,,0.9,0.81,,,
Kepler-417 c,Kepler-417,,,0.9,0.81,,,
Kepler-418 b,Kepler-418,,5820,0.98,1.09,,1.51,7
Kepler-419 b,Kepler-419,,6430,1.39,1.74,,13.34,
Kepler-419 c,Kepler-419,,6430,1.39,1.74,,13.34,
Kepler-420 b,Kepler-420,900,5520,0.99,1.13,G5 V,0.99,9.3
Kepler-421 b,Kepler-421,320,5308,0.79,0.76,G9/K0,1.58,4
Kepler-422 b,Kepler-422,,5972,1.15,1.24,,0.86,
Kepler-423 b,Kepler-423,725,5560,0.85,0.95,G4 V,1.398,11
Kepler-424 b,Kepler-424,,5460,1.01,0.94,,1.73,
Kepler-424 c,Kepler-424,,5460,1.01,0.94,,1.73,
Kepler-425 b,Kepler-425,650,5170,0.93,0.86,K1 V,1.448,5
Kepler-426 b,Kepler-426,880,5725,0.91,0.92,G1 V,1.17,6
Kepler-427 b,Kepler-427,1100,5800,0.96,1.35,G2 V,0.4,7
Kepler-428 b,Kepler-428,720,5150,0.87,0.8,K1 V,1.704,5
KIC 10001893 b,KIC 10001893,,27500,,,,,
KIC 10001893 c,KIC 10001893,,27500,,,,,
KIC 10001893 d,KIC 10001893,,27500,,,,,
Kepler-430 b,Kepler-430,,5884,1.17,1.49,,,
Kepler-430 c,Kepler-430,,5884,1.17,1.49,,,
Kepler-431 b,Kepler-431,,6004,1.07,1.09,,,
Kepler-431 c,Kepler-431,,6004,1.07,1.09,,,
Kepler-431 d,Kepler-431,,6004,1.07,1.09,,,
Kepler-432 b,Kepler-432,,4850,1.35,4.16,,0.0265,
Kepler-433 b,Kepler-433,1870,6360,1.46,2.26,,0.177,2.67
Kepler-434 b,Kepler-434,1240,5977,1.2,1.38,,0.65,4
Kepler-435 b,Kepler-435,2070,6161,1.54,3.21,,0.066,2.25
Kepler-436 b,Kepler-436,618,4651,0.73,0.7,,3.03,3
Kepler-437 b,Kepler-437,417,4551,0.71,0.68,,3.18,2.9
Kepler-438 b,Kepler-438,145,3748,0.54,0.52,,5.52,4.4
Kepler-439 b,Kepler-439,693,5431,0.88,0.87,,1.89,7.2
Kepler-440 b,Kepler-440,261,4134,0.57,0.56,,4.76,1.3
Kepler-441 b,Kepler-441,284,4340,0.57,0.55,,4.94,1.9
Kepler-442 b,Kepler-442,342,4402,0.61,0.6,,4.01,2.9
Kepler-443 b,Kepler-443,779,4723,0.74,0.71,,2.96,3.2
Kepler-444 b,Kepler-444,35.7,5046,0.76,0.75,K,2.493,11.23
Kepler-444 c,Kepler-444,35.7,5046,0.76,0.75,K,2.493,11.23
Kepler-444 d,Kepler-444,35.7,5046,0.76,0.75,K,2.493,11.23
Kepler-444 e,Kepler-444,35.7,5046,0.76,0.75,K,2.493,11.23
Kepler-444 f,Kepler-444,35.7,5046,0.76,0.75,K,2.493,11.23
Kepler-445 b,Kepler-445,90,3157,0.18,0.21,M4,,
Kepler-445 c,Kepler-445,90,3157,0.18,0.21,M4,,
Kepler-445 d,Kepler-445,90,3157,0.18,0.21,M4,,
Kepler-446 b,Kepler-446,120,3359,0.22,0.24,M4,,
Kepler-446 c,Kepler-446,120,3359,0.22,0.24,M4,,
Kepler-446 d,Kepler-446,120,3359,0.22,0.24,M4,,
Kepler-447 b,Kepler-447,,5493,1,1.05,G8 V,,
Lupus-TR-3 b,Lupus-TR-3,2000,5000,0.87,0.82,,,
MOA 2007-BLG-192L b,MOA 2007-BLG-192L,1000,,0.06,,,,
MOA 2007-BLG-400L b,MOA 2007-BLG-400L,5800,,0.3,,,,
MOA 2008-BLG-310L b,MOA 2008-BLG-310L,6000,,0.67,,,,
MOA 2008-BLG-379L b,MOA 2008-BLG-379L,3300,,0.56,,K,,
MOA 2009-BLG-266L b,MOA 2009-BLG-266L,3040,,0.56,,,,
MOA 2009-BLG-319L b,MOA 2009-BLG-319L,6100,,0.38,,,,
MOA 2009-BLG-387L b,MOA 2009-BLG-387L,5690,,0.19,,,,
MOA 2010-BLG-477L b,MOA 2010-BLG-477L,2300,5950,0.67,,,,
MOA 2010-BLG-073L b,MOA 2010-BLG-073L,2800,,0.16,,,,
MOA 2011-BLG-293L b,MOA 2011-BLG-293L,7720,,0.86,,,,
MOA 2011-BLG-322L b,MOA 2011-BLG-322L,7560,,0.39,,,,
MOA-bin-1L b,MOA-bin-1L,5100,,0.75,,,,
NGC 2682 YBP 1194 b,NGC 2682 YBP 1194,,5780,1.01,0.99,G5 V,,4.15
NGC 2682 YBP 1514 b,NGC 2682 YBP 1514,,5725,0.96,0.89,G5 V,,4.15
NGC 2682 Sand 364 b,NGC 2682 Sand 364,,4284,1.35,21.8,K3 III,,4.15
NGC 4349 127 b,NGC 4349 127,,,,,,,
OGLE 2003-BLG-235L b,OGLE 2003-BLG-235L,5200,,0.36,,M2-M7,,
OGLE 2005-BLG-71L b,OGLE 2005-BLG-71L,3200,,0.46,,,,
OGLE 2005-BLG-169L b,OGLE 2005-BLG-169L,2700,,0.49,,,,
OGLE 2005-BLG-390L b,OGLE 2005-BLG-390L,6600,,0.22,,,,
OGLE 2006-BLG-109L b,OGLE 2006-BLG-109L,1510,,0.51,,,,
OGLE 2006-BLG-109L c,OGLE 2006-BLG-109L,1510,,0.51,,,,
OGLE 2007-BLG-368L b,OGLE 2007-BLG-368L,5900,,0.64,,,,
OGLE 2008-BLG-092L b,OGLE 2008-BLG-092L,8100,,0.71,,,,
OGLE 2008-BLG-355L b,OGLE 2008-BLG-355L,6800,,0.37,,,,
OGLE 2011-BLG-251L b,OGLE 2011-BLG-251L,2570,,0.26,,M,,
OGLE 2011-BLG-265L b,OGLE 2011-BLG-265L,4380,,0.21,,,,
OGLE 2012-BLG-026L b,OGLE 2012-BLG-026L,4080,,0.82,,G5 V,,
OGLE 2012-BLG-026L c,OGLE 2012-BLG-026L,4080,,0.82,,G5 V,,
OGLE 2012-BLG-358L b,OGLE 2012-BLG-358L,1760,,0.02,,,,
OGLE 2012-BLG-406L b,OGLE 2012-BLG-406L,4970,,0.44,,,,
OGLE 2013-BLG-102L b,OGLE 2013-BLG-102L,3040,,0.1,,,,
OGLE 2013-BLG-341L B b,OGLE 2013-BLG-341L B,1161,,0.15,,,,
OGLE 2014-BLG-124L b,OGLE 2014-BLG-124L,4100,,0.71,,,,
OGLE2-TR-L9 b,OGLE2-TR-L9,,6933,1.52,1.53,,,
OGLE-TR-10 b,OGLE-TR-10,,5950,1.14,1.17,G2 V,,
OGLE-TR-056 b,OGLE-TR-056,,6050,1.23,1.36,F8 V,,
OGLE-TR-111 b,OGLE-TR-111,,5040,0.85,0.83,K2 V,,
OGLE-TR-113 b,OGLE-TR-113,600,4790,0.78,0.77,K4 V,,
OGLE-TR-132 b,OGLE-TR-132,2500,6210,1.3,1.32,F5 V,0.72,1.2
OGLE-TR-182 b,OGLE-TR-182,,5924,1.14,1.14,,,
OGLE-TR-211 b,OGLE-TR-211,,6325,1.33,1.64,,,
Oph 11 b,Oph 11,,,,,,,
POTS-1 b,POTS-1,1200,4400,0.69,0.59,K5 V,4.814,
Pr0201 b,Pr0201,,6174,1.23,1.17,,,
Pr0211 b,Pr0211,,5326,0.95,0.87,,,
PSR B1257+12 b,PSR B1257+12,,,,,,,
PSR B1257+12 c,PSR B1257+12,,,,,,,
PSR B1257+12 d,PSR B1257+12,,,,,,,
PSR B1620-26 b,PSR B1620-26,,,,,,,
PSR J1719-1438 b,PSR J1719-1438,1200,4500,1.4,0.04,,,12.5
Qatar-1 b,Qatar-1,,,0.8,0.78,,2.367,9.8
Qatar-2 b,Qatar-2,,4645,0.74,0.78,,2.241,5
ROXs 42 B b,ROXs 42 B,135,,1,,M0,,0.003
ROXs 12 b,ROXs 12,120,3850,0.87,,M0,,0.008
SR 12 AB c,SR 12 AB,,,,,,,
SWEEPS-4 b,SWEEPS-4,8500,,1.24,1.18,,,
SWEEPS-11 b,SWEEPS-11,8500,,1.1,1.45,,,
TrES-1 b,TrES-1,150,5230,0.88,0.81,K0 V,2.4,3.7
TrES-3 b,TrES-3,228,5650,0.93,0.83,G4 V,,
TrES-4 b,TrES-4,492,6200,1.4,1.85,F8 V,,
TrES-5 b,TrES-5,360,5171,0.9,0.87,,1.945,
TYC 1422-614-1 b,TYC 1422-614-1,759,4806,1.15,6.85,,,5.89
TYC 1422-614-1 c,TYC 1422-614-1,759,4806,1.15,6.85,,,5.89
USco CTIO 108 b,USco CTIO 108,,,,,,,
V0391 Peg b,V0391 Peg,,,,,sdBV,,
WASP-1 b,WASP-1,408,6110,1.3,1.52,F7 V,,
WASP-2 b,WASP-2,166,5200,0.89,0.84,K1 V,2.05,5.6
WASP-3 b,WASP-3,220,6400,1.24,1.31,,,
WASP-4 b,WASP-4,300,5436,0.89,0.92,G7 V,,7
WASP-5 b,WASP-5,300,5700,0.96,1.03,G4 V,1.24,5.4
WASP-6 b,WASP-6,,5375,0.84,0.86,,1.826,9
WASP-7 b,WASP-7,140,6400,1.28,1.43,,,
WASP-8 b,WASP-8,87,5600,1.03,0.94,,,
WASP-8 c,WASP-8,87,5600,1.03,0.94,,,
WASP-10 b,WASP-10,90,4675,0.75,0.7,,,
WASP-11 b,WASP-11,121.7,4980,0.83,0.79,,,
WASP-12 b,WASP-12,,6300,1.35,1.57,,,
WASP-13 b,WASP-13,155,5826,1.09,1.56,,,
WASP-14 b,WASP-14,160,6475,1.21,1.31,,,
WASP-15 b,WASP-15,,6300,1.18,1.48,,,
WASP-16 b,WASP-16,,5700,1.02,0.95,,,
WASP-17 b,WASP-17,400,6550,1.2,1.38,,,
WASP-18 b,WASP-18,105.49,6400,1.28,1.23,F6 IV/V,,
WASP-19 b,WASP-19,250,5460,0.94,1.02,G8 V,1.247,10.2
WASP-20 b,WASP-20,210,5940,1.2,1.39,F9,0.63,7
WASP-21 b,WASP-21,242,5800,0.89,1.14,G3 V,0.855,12
WASP-22 b,WASP-22,300,5958,1.11,1.22,,,
WASP-23 b,WASP-23,,5150,0.78,0.77,,,
WASP-24 b,WASP-24,,6075,1.18,1.33,,,
WASP-25 b,WASP-25,,5703,1,0.92,,,
WASP-26 b,WASP-26,250,5939,1.11,1.3,,,
WASP-28 b,WASP-28,410,6150,1.02,1.09,F8,1.104,5
WASP-29 b,WASP-29,70,4800,0.82,0.81,,,
WASP-31 b,WASP-31,360,6302,1.16,1.25,,,
WASP-32 b,WASP-32,,6100,1.1,1.11,,,
WASP-33 b,WASP-33,116.14,7430,1.5,1.44,A5,,
WASP-34 b,WASP-34,120,5700,1.01,0.93,,,
WASP-35 b,WASP-35,,5990,1.07,1.09,,,
WASP-36 b,WASP-36,450,5959,1.04,0.95,,,
WASP-37 b,WASP-37,343,5800,0.93,1,,,
WASP-38 b,WASP-38,110,6150,1.2,1.33,,,
WASP-39 b,WASP-39,230,5400,0.93,0.9,,,
WASP-41 b,WASP-41,180,5450,0.93,0.9,,,
WASP-42 b,WASP-42,160,5200,0.88,0.86,,,
WASP-43 b,WASP-43,80,4400,0.58,0.6,,,
WASP-44 b,WASP-44,,5410,0.95,0.93,,,
WASP-45 b,WASP-45,,5140,0.91,0.94,,,
WASP-46 b,WASP-46,,5620,0.96,0.92,,,
WASP-47 b,WASP-47,200,5350,1.08,1.15,,,
WASP-48 b,WASP-48,,6000,1.06,1.52,,0.427,6.6
WASP-49 b,WASP-49,170,5600,0.94,0.98,,,
WASP-50 b,WASP-50,230,5400,0.89,0.84,,,
WASP-52 b,WASP-52,140,5000,0.87,0.79,K2 V,2.48,0.4
WASP-54 b,WASP-54,200,6100,1.21,1.83,F9,0.279,6.3
WASP-55 b,WASP-55,330,5960,1.01,1.06,,,
WASP-56 b,WASP-56,255,5600,1.02,1.11,G6,1.04,6.2
WASP-57 b,WASP-57,455,5600,0.95,0.84,G6,2.307,2.6
WASP-58 b,WASP-58,300,5800,0.94,1.17,G2 V,0.82,3.2
WASP-59 b,WASP-59,125,4650,0.72,0.61,K5 V,4.38,0.5
WASP-60 b,WASP-60,400,5900,1.08,1.14,G1 V,1.01,3.6
WASP-61 b,WASP-61,480,6320,1.22,1.36,,,
WASP-62 b,WASP-62,160,6280,1.25,1.28,,,
WASP-63 b,WASP-63,330,5570,1.32,1.88,,,
WASP-64 b,WASP-64,350,5400,1,1.06,G7,1.196,1.2
WASP-65 b,WASP-65,310,5600,0.93,1.01,G6,1.28,8
WASP-66 b,WASP-66,380,6580,1.3,1.75,,,
WASP-67 b,WASP-67,225,5240,0.87,0.87,,,
WASP-68 b,WASP-68,,5911,1.24,1.69,G0,0.366,
WASP-69 b,WASP-69,50,4715,0.83,0.81,K5,2.17,2
WASP-70 A b,WASP-70 A,245,5763,1.11,1.22,G4,0.872,9.5
WASP-71 b,WASP-71,345,6059,1.56,2.26,F8,0.19,2
WASP-72 b,WASP-72,340,6250,1.39,1.98,F7,0.249,3.7
WASP-73 b,WASP-73,,6036,1.34,2.07,F9,0.211,
WASP-75 b,WASP-75,260,6100,1.14,1.26,F9,0.79,3.5
WASP-77 A b,WASP-77 A,93,5500,1,0.95,G8 V,1.63,1
WASP-78 b,WASP-78,550,6100,1.17,1.6,,,
WASP-79 b,WASP-79,240,6600,1.38,1.53,,,
WASP-80 b,WASP-80,60,4143,0.58,0.59,K7 V,4.05,
WASP-82 b,WASP-82,,6480,1.64,2.22,,0.21,
WASP-84 b,WASP-84,125,5314,0.84,0.75,K0,2.839,1
WASP-88 b,WASP-88,,6431,1.45,2.08,F6,0.225,
WASP-94 A b,WASP-94 A,180,6153,1.45,1.62,F8,0.485,4
WASP-94 B b,WASP-94 B,180,6040,1.24,1.35,F9,,4
WASP-95 b,WASP-95,,5630,1.11,1.13,G2,1.1,2.4
WASP-96 b,WASP-96,,5540,1.06,1.05,G8,1.299,8
WASP-97 b,WASP-97,,5640,1.12,1.06,G5,1.31,11.9
WASP-98 b,WASP-98,,5525,0.69,0.7,G7,2.8,8
WASP-99 b,WASP-99,,6180,1.48,1.76,F8,0.38,1.4
WASP-100 b,WASP-100,,6900,1.57,,F2,0.28,
WASP-101 b,WASP-101,,6400,1.34,1.29,F6,0.882,0.9
WASP-103 b,WASP-103,470,6110,1.22,1.44,F8 V,0.583,4
WASP-104 b,WASP-104,143,5475,1.08,0.96,G8,1.7,3
WASP-106 b,WASP-106,283,6055,1.19,1.39,F9,0.627,7
WASP-117 b,WASP-117,,6038,1.13,1.17,F9,0.99,4.6
WD 0806-661 b,WD 0806-661,19.2,,0.62,,,,1.5
WTS-1 b,WTS-1,3200,6250,1.2,1.15,F6 V,1.1129,2.55
WTS-2 b,WTS-2,1000,5000,0.82,0.75,K2 V,2.72,0.6
WISEP J121756.91+162640.2 A b,WISEP J121756.91+162640.2 A,10.1,575,0.03,0.09,T8.5,,6
XO-1 b,XO-1,172,5750,1.03,0.94,G1 V,,
XO-2 N b,XO-2 N,145.5,5332,0.97,1.01,K0 V,,7.9
XO-2 S b,XO-2 S,148,5399,0.98,1.02,,,7.1
XO-2 S c,XO-2 S,148,5399,0.98,1.02,,,7.1
XO-3 b,XO-3,174,6429,1.21,1.38,F5 V,,
XO-4 b,XO-4,293,5700,1.32,1.55,F5 V,,2.1
XO-5 b,XO-5,260,5430,1.04,1.13,,1.01,
